name,source,split,family,score,drop,dur_s,start_z,joint_speed_mean,joint_speed_peak,joint_acc_mean,height_range,root_speed_peak,rom_arm,rom_leg
CMU__CMU__05__05_16_stageii,amass_evalset,heldout,CMU__CMU__05__05_16_stageii,0.9906832298136646,,4.4,0.7577975988388062,146.54771335242708,1786.292270236698,3126.4882891955776,0.6888856887817383,2.2415828106871896,122.52184615055933,80.06092877647285
high_jump_R_103__A389_M,eval_subset,heldout,high_jump_R,0.9633540372670808,,2.6333333333333333,0.7812483310699463,100.17997725321457,1901.263666327891,1827.800387428473,0.5794172883033752,2.2651439872506036,92.6089084164023,64.71161702804498
flip_090_003__A304_M,eval_subset,heldout,flip_,0.9534161490683231,,4.633333333333334,0.7555233240127563,87.81988245833021,1278.4569137473613,1865.0014190431737,0.4004192352294922,3.2699578740277877,84.6441398690554,70.1590311544701
flip_360_004__A415,eval_subset,heldout,flip_,0.9391304347826086,,6.2,0.7811537384986877,55.37251679449673,1610.0242635147636,1126.9383296129752,0.42031294107437134,3.63470683128396,95.43382530404789,64.221152883134
turn_run_270_R_003__A326,eval_subset,heldout,turn_run_270_R,0.9267080745341614,,2.7333333333333334,0.7789064645767212,132.26759033214694,1208.2225224744163,3036.3627989143606,0.14454782009124756,4.682601404327899,67.1097345579904,66.5075520199022
CMU__CMU__87__87_01_stageii,amass_evalset,heldout,CMU__CMU__87__87_01_stageii,0.9229813664596274,,5.166666666666667,0.7421467304229736,75.44291169162668,966.2137059344884,1476.5536609384646,0.3511141538619995,2.206759095629894,75.090386942753,74.53994606884771
run_start_180_R_002__A346,eval_subset,heldout,run_start_180_R,0.9229813664596273,,2.966666666666667,0.7765365839004517,133.85672764361237,1247.400128968678,2942.753242765762,0.13750940561294556,3.8595266013924543,64.05760891702384,69.11762161958896
dance_basic_padeburee_270_R_loop_fast_001__A325,eval_subset,heldout,dance_basic_padeburee_270_R_loop_fast,0.9018633540372669,,11.466666666666667,0.785706102848053,100.5793853933918,1316.3694838299718,1732.8905895082219,0.12653040885925293,1.2359782762177436,116.04675305744256,58.73327681389395
dance_vouge_shake_it_babe_360_R_002__A318_M,eval_subset,heldout,dance_vouge_shake_it_babe_360_R,0.898136645962733,,6.4,0.783354640007019,126.14309765427548,1189.7402354860367,2970.4114122065266,0.15165555477142334,1.2501254067863277,84.38926802131157,51.30107204013931
dance_hiphop_janet_R_001__A312_M,eval_subset,heldout,dance_hiphop_janet_R,0.895031055900621,,7.966666666666667,0.7780395746231079,93.48970034739051,1556.0321303900007,1562.506344216613,0.1217307448387146,1.1702199827845143,101.88973126377368,64.73199963765614
dance_latino_kick_kick_padeburee_doubled_R_002__A314,eval_subset,heldout,dance_latino_kick_kick_padeburee_doubled_R,0.8937888198757765,,11.166666666666666,0.7801451086997986,83.26436594537672,1387.2989663792762,1699.4898621977259,0.14698845148086548,1.0309024637070157,78.70074867583423,71.88186591333314
exercise_v002_R_001__A361,eval_subset,heldout,exercise_v002_R,0.8782608695652174,,7.866666666666666,0.775108814239502,104.108832271465,1031.246617871429,2075.914166192218,0.132768452167511,1.2143036944576877,73.22818314898196,62.15523508645743
turn_jog_270_006__A061_M,eval_subset,heldout,turn_jog_,0.8714285714285713,,3.7666666666666666,0.7915360331535339,95.52092679134476,1182.0690408546523,1895.8343240618578,0.11151671409606934,3.3736625887528517,45.9972782401697,68.06131875050089
dance_hiphop_mike_tyson_R_fast_001__A319_M,eval_subset,heldout,dance_hiphop_mike_tyson_R_fast,0.8677018633540373,,4.866666666666666,0.780440092086792,108.666134661379,1171.2058000033444,2335.191628982605,0.1121181845664978,1.012751663294251,78.1688364398439,62.13325704404074
dance_western_country_one_step_270_R_003__A308_M,eval_subset,heldout,dance_western_country_one_step_270_R,0.8602484472049691,,5.566666666666666,0.7771145105361938,57.16584525324185,1008.8577017344232,1311.259987351062,0.2622549533843994,1.8976176821519513,49.00825547437365,54.884349067801985
dance_vouge_boogle_180_R_003__A316,eval_subset,heldout,dance_vouge_boogle_180_R,0.8602484472049688,,9.333333333333334,0.7851821780204773,63.426909954528455,1368.6722849229745,909.0527124401566,0.23530340194702148,0.8084165902422322,112.77922336018706,56.76714560304665
reach_jump_R_005__A178_M,eval_subset,heldout,reach_jump_R,0.8496894409937887,,3.033333333333333,0.7768792510032654,55.66548938292542,1684.5462548127653,1052.0662382604505,0.38209348917007446,1.7730321449579782,66.61322323344173,37.01130557966456
turn_high_jump_360_R_opt_1_003__A478_M,eval_subset,heldout,turn_high_jump_360_R_opt_,0.8453416149068324,,2.7666666666666666,0.776807963848114,53.91131727994184,929.8298986739874,912.5433493128277,0.4383821487426758,1.753440524234962,46.37109225610017,53.400545592377746
dance_retro_round_hand_step_R_002__A314_M,eval_subset,heldout,dance_retro_round_hand_step_R,0.8422360248447205,,3.7333333333333334,0.7824951410293579,120.15388370524934,947.6779897913265,2052.0514321074133,0.11888366937637329,0.839722903825897,95.54225007862169,51.57055089894968
dance_latino_mambo_chase_180_turn_R_001__A324_M,eval_subset,heldout,dance_latino_mambo_chase_180_turn_R,0.8366459627329191,,10.1,0.775953471660614,63.2657950794728,799.290166393413,1050.8609784733142,0.11444610357284546,1.1410865817240607,77.44612677807173,65.39844238812636
CMU__CMU__133__133_10_stageii,amass_evalset,heldout,CMU__CMU__133__133_10_stageii,0.8260869565217391,,11.033333333333333,0.8344595432281494,55.347665007097845,2602.991581371571,1133.12148899231,0.10960012674331665,1.1791711420582807,96.89248887989685,39.062320878519415
Transitions__Transitions__mazen_c3d__punchkarate_stand_stageii,amass_evalset,heldout,Transitions__Transitions__mazen_c3d__punchkarate_stand_stageii,0.8236024844720495,,5.9,0.7673864960670471,39.36228569522262,1047.2411962848334,602.6869747606568,0.3407997190952301,1.2233696661284563,85.10358428296395,50.30605932217288
CMU__CMU__141__141_15_stageii,amass_evalset,heldout,CMU__CMU__141__141_15_stageii,0.8142857142857142,,19.433333333333334,0.7562552690505981,38.085228201427086,976.1671527817456,692.5760688459534,0.33906832337379456,0.6958888224757759,116.41642902689564,73.9687384157766
ACCAD__Male2General_c3d__A8-_Crouch_to_Lie_poses,amass_evalset,heldout,ACCAD__Male2General_c3d__A8-_Crouch_to_Lie_poses,0.8099378881987578,,5.766666666666667,0.6278159022331238,24.42018667699368,1914.6476439876785,530.3312025555415,0.39105042815208435,3.8928535989193525,64.37285468280888,50.41668660660562
jog_forward_stop_001__A038_M,eval_subset,heldout,jog_forward_stop,0.806832298136646,,6.2,0.7755345106124878,56.957480530786384,711.6053418854756,1008.1695176452162,0.12627720832824707,1.5273505847591633,57.79784644184586,48.28338394560787
turn_jog_360_R_001__A234_M,eval_subset,heldout,turn_jog_360_R,0.8043478260869567,,3.7333333333333334,0.7938343286514282,74.62959039687998,942.9026630331122,1306.261398296124,0.08718997240066528,1.9560371415730353,41.05172478883623,59.72429809559679
reach_jump_R_004__A054,eval_subset,heldout,reach_jump_R,0.8031055900621118,,3.033333333333333,0.7832052111625671,50.97955641105244,1059.6791244426827,890.540239607542,0.2953088879585266,1.4802682703279522,71.59107534344862,34.68380819747944
jog_ff_start_180_R_002__A265,eval_subset,heldout,jog_ff_start_180_R,0.7968944099378883,,4.733333333333333,0.7803252339363098,69.3042691562783,776.6111550468838,1378.9814877115791,0.09022527933120728,2.3224717165355813,43.33447113382973,50.26371943307522
BMLmovi__BMLmovi__Subject_78_F_MoSh__Subject_78_F_2_poses,amass_evalset,heldout,BMLmovi__BMLmovi__Subject_78_F_MoSh__Subject_78_F_2_poses,0.7869565217391303,,4.766666666666667,0.7609080672264099,46.07927925149052,750.9732545254867,758.1616592850396,0.2246837615966797,0.8912886916194502,69.13823558788279,53.79739653856649
MoSh__MoSh__50022__misc_1_stageii,amass_evalset,heldout,MoSh__MoSh__50022__misc_1_stageii,0.772670807453416,,5.066666666666666,0.7426976561546326,46.748999345700355,698.6583255778388,767.7877326426674,0.1650366187095642,1.0183032768711442,48.93802042569501,60.077439971010286
CMU__CMU__83__83_56_stageii,amass_evalset,heldout,CMU__CMU__83__83_56_stageii,0.7521739130434782,,4.2,0.749846339225769,27.937982312638457,1084.020215366184,586.3635277133907,0.5161900520324707,2.6166275249549256,25.76437200883715,50.98174028591498
BMLmovi__BMLmovi__Subject_32_F_MoSh__Subject_32_F_1_poses,amass_evalset,heldout,BMLmovi__BMLmovi__Subject_32_F_MoSh__Subject_32_F_1_poses,0.7515527950310558,,12.1,0.8092436790466309,32.44435110437471,453.41835785055525,555.0303597052539,0.4048405885696411,1.1262775657204473,69.724856302245,66.84500864047281
jog_ff_stop_270_R_fast_003__A454_M,eval_subset,heldout,jog_ff_stop_270_R_fast,0.7503105590062111,,5.2,0.7786307334899902,47.26356295211574,706.1216049820201,1071.9920139386968,0.08077579736709595,2.180228045198062,40.123656710854455,50.151906523852084
jog_ff_start_180_R_002__A192_M,eval_subset,heldout,jog_ff_start_180_R,0.7478260869565218,,5.066666666666666,0.7865850329399109,64.35421500111266,702.0938253529906,1359.7344162517975,0.07867681980133057,2.1423661421186253,41.47286557048618,41.84994497204686
jog_ff_loop_360_004__A182,eval_subset,heldout,jog_ff_loop_,0.7428571428571429,,2.6666666666666665,0.8000449538230896,85.6051418577253,740.4923292441019,1743.4388841443215,0.08152222633361816,1.8456434112228475,32.33244272908607,41.27599485572838
reach_jump_R_002__A102_M,eval_subset,heldout,reach_jump_R,0.7428571428571429,,4.4,0.7847118377685547,33.434525009318726,848.4107951587115,509.7903761606046,0.3305167555809021,1.51678989311043,69.71239002544799,35.4727951615811
BMLmovi__BMLmovi__Subject_45_F_MoSh__Subject_45_F_14_poses,amass_evalset,heldout,BMLmovi__BMLmovi__Subject_45_F_MoSh__Subject_45_F_14_poses,0.732919254658385,,7.633333333333334,0.7712329626083374,50.00521184017774,579.0761419855372,852.4304077774111,0.09802025556564331,1.5522795423763072,44.50392047163773,47.85946873946543
BMLmovi__BMLmovi__Subject_46_F_MoSh__Subject_46_F_12_poses,amass_evalset,heldout,BMLmovi__BMLmovi__Subject_46_F_MoSh__Subject_46_F_12_poses,0.7304347826086958,,9.4,0.7939566373825073,37.06142521411843,411.23421520866214,597.295087430971,0.4046183228492737,1.0052673345244123,58.52292235538321,65.78884208279516
jog_ff_start_180_R_002__A294_M,eval_subset,heldout,jog_ff_start_180_R,0.7236024844720498,,4.2,0.7938655614852905,65.57144573271796,594.4432479953656,1228.2234503109764,0.08977466821670532,1.8459069916946664,40.33335468032083,38.79777780688746
dance_vouge_vouge_pose_i_R_loop_fast_001__A324,eval_subset,heldout,dance_vouge_vouge_pose_i_R_loop_fast,0.7223602484472049,,8.033333333333333,0.7830949425697327,54.4860864481844,582.2943392922451,777.5181640351,0.1332380175590515,0.770797670066689,66.90521363750827,42.97059516669743
jog_backward_start_004__A024,eval_subset,heldout,jog_backward_start,0.7155279503105589,,4.733333333333333,0.7841009497642517,45.23328481818106,820.3891500792431,967.2383997379935,0.09932434558868408,2.0255387186941243,20.190437929342412,44.98573787958612
arc_walk_left_loop_001__A030,eval_subset,heldout,arc_walk_left_loop,0.7130434782608697,,12.433333333333334,0.7899595499038696,59.98633276408346,755.5932371687654,981.0069574634965,0.05824917554855347,1.4358809044643301,34.67427928174517,44.19808421643521
dance_hiphop_bounce_to_feed_R_fast_001__A316,eval_subset,heldout,dance_hiphop_bounce_to_feed_R_fast,0.708695652173913,,3.2666666666666666,0.7837401032447815,55.43212578961355,707.5552275378599,973.1440868868868,0.10403972864151001,0.8980217948668813,36.59912677390319,44.791277092292795
BMLmovi__BMLmovi__Subject_28_F_MoSh__Subject_28_F_21_poses,amass_evalset,heldout,BMLmovi__BMLmovi__Subject_28_F_MoSh__Subject_28_F_21_poses,0.706832298136646,,9.533333333333333,0.8089902400970459,29.98602831998596,548.0147852489781,396.23164972435325,0.6356100142002106,0.796145385047087,62.53881856821175,72.39140089356194
avoid_bump_pass_R_002__A462,eval_subset,heldout,avoid_bump_pass_R,0.7006211180124222,,10.2,0.7731269001960754,50.452508067637886,588.1149411255653,848.2063980346202,0.0763196349143982,1.376213670473885,39.34362625966525,49.99366777830375
jog_forward_loop_002__A033_M,eval_subset,heldout,jog_forward_loop,0.6993788819875777,,6.5,0.7882059216499329,51.393216181816115,725.5801138329965,907.9316951804893,0.0878218412399292,1.6204177265927648,25.150086379351198,40.88842786862604
BMLmovi__BMLmovi__Subject_88_F_MoSh__Subject_88_F_1_poses,amass_evalset,heldout,BMLmovi__BMLmovi__Subject_88_F_MoSh__Subject_88_F_1_poses,0.693167701863354,,5.266666666666667,0.7753211259841919,34.13219372708975,544.1314000878712,506.1309313446141,0.503622442483902,0.7720903054739994,45.93101060901838,62.10058065421251
MoSh__MoSh__50021__squat_simple_stageii,amass_evalset,heldout,MoSh__MoSh__50021__squat_simple_stageii,0.6894409937888198,,7.933333333333334,0.7572656869888306,27.739536386992018,1136.9820443367284,282.16343026640226,0.2655978798866272,0.8466023078874652,65.55621709118152,45.80224479115117
horse_riding_R_003__A261,eval_subset,heldout,horse_riding_R,0.6869565217391305,,7.5,0.7813940644264221,45.66613773162695,691.0426988042205,815.5114826406392,0.12094700336456299,0.7874188611487744,53.92324462958412,37.023379904480635
injured_R_leg_walk_ff_loop_225_001__A169,eval_subset,heldout,injured_R_leg_walk_ff_loop_,0.6813664596273293,,9.933333333333334,0.7163577079772949,46.62083872290697,900.0019716486951,797.4569818499201,0.07814264297485352,0.758614096296864,58.483963444228095,36.991476117547926
BMLhandball__BMLhandball__S05_Novice__Trial_upper_left_right_118_poses,amass_evalset,heldout,BMLhandball__BMLhandball__S05_Novice__Trial_upper_left_right_118_poses,0.6751552795031056,,5.7,0.7577436566352844,42.502467807751415,2313.5974053891414,897.8157377553565,0.06090134382247925,0.45544848737718513,90.90028562256889,29.212315236316385
BMLmovi__BMLmovi__Subject_20_F_MoSh__Subject_20_F_15_poses,amass_evalset,heldout,BMLmovi__BMLmovi__Subject_20_F_MoSh__Subject_20_F_15_poses,0.6751552795031056,,5.833333333333333,0.777138352394104,38.830267448715176,613.729277494326,531.437737779466,0.09973567724227905,1.2458288902269916,65.04615828842307,33.75367435365316
jog_ff_loop_360_R_001__A237_M,eval_subset,heldout,jog_ff_loop_360_R,0.6739130434782609,,3.1333333333333333,0.7746208906173706,66.24287475640928,679.7590043142113,1380.133261134283,0.07854145765304565,1.6312888432770072,16.771397290207315,37.77607928192299
arc_jog_left_stop_003__A043_M,eval_subset,heldout,arc_jog_left_stop,0.6732919254658386,,4.866666666666666,0.7803544402122498,43.65099404478899,719.6734003897153,794.245635535814,0.07511711120605469,1.341543632564724,29.320391790669188,42.34787617680058
injured_R_leg_turn_jump_270_R_002__A232,eval_subset,heldout,injured_R_leg_turn_jump_270_R,0.6720496894409937,,3.3333333333333335,0.769252598285675,37.47906118182307,1246.4774131004917,653.4974156279883,0.0835120677947998,0.7388775087003046,57.47797300254639,35.29691767483809
Relaxed_stoop_down_003__A057_M,eval_subset,heldout,Relaxed_stoop_down,0.6714285714285715,,11.166666666666666,0.7644752264022827,30.12704996097336,727.1421354074961,416.85616256407184,0.14547687768936157,0.8203984221564771,43.537104797195525,55.839608190488654
injured_R_leg_jog_ff_stop_180_R_003__A214_M,eval_subset,heldout,injured_R_leg_jog_ff_stop_180_R,0.670807453416149,,6.9,0.7270330190658569,39.47229653188789,619.7212316984493,833.3481819201618,0.1521914005279541,1.5286004942859526,21.414807059264064,37.54476104407697
WEIZMANN__WEIZMANN__67__Normal_StraightLong(4)_stageii,amass_evalset,heldout,WEIZMANN__WEIZMANN__67__Normal_StraightLong(4)_stageii,0.6652173913043476,,3.066666666666667,0.7625793218612671,48.28108739733215,492.4866407638487,878.0829254341961,0.6361368894577026,1.4952687500410888,15.169284346229162,36.90627876576
victory_dance_robot_dance_180_R_002__A307,eval_subset,heldout,victory_dance_robot_dance_180_R,0.6577639751552795,,12.2,0.7782653570175171,25.766983456163004,772.072801701923,340.2326308823043,0.11806535720825195,0.4727297508737406,86.86903706547686,51.59281871469879
reach_jump_R_001__A072_M,eval_subset,heldout,reach_jump_R,0.648447204968944,,7.6,0.7844505906105042,18.495730774380224,695.8115966468787,338.6932866334798,0.31644487380981445,1.639964918974591,53.684666602123244,38.774026864585366
KIT__KIT__378__push_recovery_front04_stageii,amass_evalset,heldout,KIT__KIT__378__push_recovery_front04_stageii,0.6478260869565217,,7.033333333333333,0.7700585126876831,34.43762901951665,1148.4988446453735,485.9319196309137,0.07127219438552856,0.9785361509331496,46.70925828745273,37.23410634761117
injured_torso_jog_ff_loop_225_R_002__A233_M,eval_subset,heldout,injured_torso_jog_ff_loop_225_R,0.6459627329192548,,3.9,0.7750547528266907,53.77164410698875,628.7771788821622,976.8343273071988,0.07296288013458252,1.2280537292533837,16.536616043224257,41.29543108059806
egypt_dance_R_002__A168_M,eval_subset,heldout,egypt_dance_R,0.6447204968944098,,5.133333333333334,0.7853468060493469,44.69855085971479,946.4490808115165,615.9112271441669,0.048637211322784424,0.5460835806329137,87.36293918343851,31.672260888797297
dancing_routine_1_003__A095_M,eval_subset,heldout,dancing_routine_,0.6434782608695652,,14.6,0.7784399390220642,42.87662191055299,447.32081959403456,499.06155813621854,0.09739011526107788,0.5693192930419657,58.89841644348416,52.99663024289543
jump_ff_180_R_001__A466,eval_subset,heldout,jump_ff_180_R,0.6434782608695652,,2.6,0.7805942296981812,43.446405954241264,605.5326919053795,701.2134533083224,0.07943511009216309,1.3145949921646798,42.6897027397925,33.661747531305046
jog_arc_cw_stop_002__A068_M,eval_subset,heldout,jog_arc_cw_stop,0.6347826086956522,,3.8,0.7503419518470764,49.86940296718494,547.1721234667325,905.5560841213552,0.08122801780700684,1.1965925218848188,32.493832872589394,35.61683239387895
BMLhandball__BMLhandball__S09_Novice__Trial_upper_right_left_240_poses,amass_evalset,heldout,BMLhandball__BMLhandball__S09_Novice__Trial_upper_right_left_240_poses,0.6329192546583852,,9.1,0.7412319183349609,29.918654816887024,1315.5977578311254,443.22849829772935,0.08798760175704956,0.3468346506639177,76.27988464668313,38.35843311836611
injured_torso_turn_jog_360_R_003__A336,eval_subset,heldout,injured_torso_turn_jog_360_R,0.631055900621118,,5.166666666666667,0.7806050181388855,46.26736876168575,572.5944119915057,901.9180709853979,0.05867123603820801,1.2232193041270438,18.133396241254566,48.22750817793345
DFaust__DFaust__50021__50021_knees_stageii,amass_evalset,heldout,DFaust__DFaust__50021__50021_knees_stageii,0.6279503105590063,,5.566666666666666,0.7493664026260376,46.283817323017814,1065.7522212941456,1163.8491543426783,0.03943502902984619,0.44968440860962583,17.196980240654508,55.637013965239895
BMLmovi__BMLmovi__Subject_45_F_MoSh__Subject_45_F_20_poses,amass_evalset,heldout,BMLmovi__BMLmovi__Subject_45_F_MoSh__Subject_45_F_20_poses,0.6198757763975156,,10.766666666666667,0.7822905778884888,24.824422191127354,313.62422083663085,447.1701296318945,0.44147711992263794,0.8057318346137766,47.16544802617532,63.431110931615
KIT__KIT__348__walking_fast07_stageii,amass_evalset,heldout,KIT__KIT__348__walking_fast07_stageii,0.6161490683229813,,4.133333333333334,0.8673657178878784,33.06882414217422,418.5855136614009,531.0908950903997,0.1457485556602478,1.5730825997466669,26.67088253665769,38.413039885473346
dancing_routine_V002_001__A206_M,eval_subset,heldout,dancing_routine_V,0.6130434782608695,,13.066666666666666,0.7832614779472351,46.45888020489498,458.0868711223213,532.8419633136074,0.05161762237548828,0.3121431352879528,104.22716473803352,44.117043239307186
medium_light_two_hands_put_down_right_side_low_R_001__A505,eval_subset,heldout,medium_light_two_hands_put_down_right_side_low_R,0.6074534161490683,,4.4,0.7809965014457703,27.60735857992605,509.6093273715183,272.1104901418431,0.28793758153915405,0.4997087300482332,55.7967573623311,58.95898969091194
outside_door_right_side_hand_slam_R_001__A512,eval_subset,heldout,outside_door_right_side_hand_slam_R,0.6074534161490683,,6.966666666666667,0.785938560962677,29.82926234240294,2296.3235496196667,630.6692521597654,0.027226686477661133,0.5253519537930036,69.62442743422197,33.13702529917735
BMLmovi__BMLmovi__Subject_80_F_MoSh__Subject_80_F_2_poses,amass_evalset,heldout,BMLmovi__BMLmovi__Subject_80_F_MoSh__Subject_80_F_2_poses,0.6043478260869565,,16.266666666666666,0.854216456413269,22.351095013310093,316.68256610355104,372.434746119879,0.37838661670684814,0.8386712267801352,48.02606933775269,66.12436276384112
BMLhandball__BMLhandball__S04_Expert__Trial_upper_left_right_234_poses,amass_evalset,heldout,BMLhandball__BMLhandball__S04_Expert__Trial_upper_left_right_234_poses,0.6012422360248445,,12.633333333333333,0.7933390140533447,25.425510695668553,1168.5849539659728,293.5569211976252,0.0928950309753418,0.45064699239934264,63.90268059056874,41.214988554328656
big_heavy_two_hands_front_high_to_behind_high_R_001__A525_M,eval_subset,heldout,big_heavy_two_hands_front_high_to_behind_high_R,0.598136645962733,,13.833333333333334,0.7893636226654053,21.007212588013047,791.5378163080838,330.7698491876211,0.07814162969589233,0.42908542250288295,77.05928126432148,51.985542790332566
BMLhandball__BMLhandball__S09_Novice__Trial_upper_right_left_168_poses,amass_evalset,heldout,BMLhandball__BMLhandball__S09_Novice__Trial_upper_right_left_168_poses,0.5975155279503106,,9.133333333333333,0.7521676421165466,24.584468896008556,1047.2633773241632,330.7082104847019,0.09631913900375366,0.36973051632934456,67.73355723168838,40.46226345139678
itching_left_calf_003__A032_M,eval_subset,heldout,itching_left_calf,0.5968944099378881,,3.7666666666666666,0.7795622944831848,46.15270902494672,665.5683642379719,1036.4400562168726,0.02891331911087036,0.5301205011247275,33.71192164356923,41.9313278021439
walk_sideway_135_loop_003__A022,eval_subset,heldout,walk_sideway_135_loop,0.5944099378881987,,7.433333333333334,0.7752740979194641,40.16867156945165,525.0014318737087,627.5508762472055,0.06637197732925415,0.9825447081185669,21.686611917890165,46.34699851097414
BMLmovi__BMLmovi__Subject_72_F_MoSh__Subject_72_F_6_poses,amass_evalset,heldout,BMLmovi__BMLmovi__Subject_72_F_MoSh__Subject_72_F_6_poses,0.5925465838509316,,4.766666666666667,0.7567018270492554,35.257717040468066,691.4450823236988,505.2853191002447,0.06667959690093994,0.35689632477896704,44.13889524926539,48.59244390462677
neutral_stoop_down_R_003__A438_M,eval_subset,heldout,neutral_stoop_down_R,0.591304347826087,,5.933333333333334,0.7743712067604065,28.727263191156513,370.82538173914116,360.3524297152631,0.18412023782730103,0.7836705759653899,47.962427836201684,46.69385436230194
jump_ff_270_002__A217_M,eval_subset,heldout,jump_ff_,0.5906832298136645,,2.8,0.7800235748291016,32.22269676841926,445.2937389766853,525.1972330941153,0.08649837970733643,1.6505810616931038,23.759931844891913,41.10080298312969
ACCAD__Male1Walking_c3d__Walk_B13_-_Walk_turn_right_45_poses,amass_evalset,heldout,ACCAD__Male1Walking_c3d__Walk_B13_-_Walk_turn_right_45_poses,0.5894409937888199,,9.333333333333334,0.7951754331588745,32.34050305500617,602.3389296004273,618.3874800647743,0.13321715593338013,1.0946886893183227,21.160787536800488,33.21830493327578
neutral_stoop_down_R_007__A098_M,eval_subset,heldout,neutral_stoop_down_R,0.5875776397515527,,6.0,0.7780957818031311,32.53891890155194,332.89662410819733,422.3364171412148,0.12605124711990356,0.8476230982638745,42.52388793723642,49.3812729105987
brush_of_dust_002__A035_M,eval_subset,heldout,brush_of_dust,0.5857142857142856,,8.433333333333334,0.7668960094451904,28.580967132644627,955.1260037227128,465.1906148927132,0.09725368022918701,0.2872441032615673,79.54750187860634,26.971318012254216
CMU__CMU__80__80_56_stageii,amass_evalset,heldout,CMU__CMU__80__80_56_stageii,0.5819875776397515,,11.5,0.7698062062263489,17.571516487983413,509.0464034572499,246.79447032673352,0.22105199098587036,0.8254755328028233,54.76464669930662,55.723787445433146
inside_door_knob_right_side_slam_R_001__A514_M,eval_subset,heldout,inside_door_knob_right_side_slam_R,0.5795031055900621,,2.7,0.7863810658454895,47.31776646000484,656.7226951000283,894.0379297956658,0.0226173996925354,0.41236352444984015,55.03592886741546,31.521081970849384
street_walk_with_purse_R_001__A429_M,eval_subset,heldout,street_walk_with_purse_R,0.5795031055900621,,15.233333333333333,0.7520298957824707,28.924290738404263,599.2187796592551,508.0921748216056,0.05740636587142944,1.0142708457563339,28.041526586203467,47.48326262701243
walk_hands_on_back_loop_003__A053_M,eval_subset,heldout,walk_hands_on_back_loop,0.5782608695652174,,4.166666666666667,0.7741908431053162,41.75548834244969,555.9049472074171,871.6058619996741,0.04538816213607788,1.3336662317987904,10.636419847244769,40.06033213846623
small_heavy_two_hands_behind_medium_to_behind_low_R_001__A520,eval_subset,heldout,small_heavy_two_hands_behind_medium_to_behind_low_R,0.577639751552795,,7.733333333333333,0.7839135527610779,25.32525468661208,361.76670674862817,273.279716329465,0.21066689491271973,0.4459052340942176,63.322147754929006,65.71405788800543
KIT__KIT__378__push_recovery_stand_right10_stageii,amass_evalset,heldout,KIT__KIT__378__push_recovery_stand_right10_stageii,0.5732919254658386,,5.333333333333333,0.7706485390663147,21.24811125658129,618.3146566917225,395.0577946943414,0.08462375402450562,1.2860976700570075,40.5357445055521,38.345716605134804
heavy_item_cupboard_high_in_R_002__A291,eval_subset,heldout,heavy_item_cupboard_high_in_R,0.5726708074534163,,10.4,0.7818199396133423,25.815049991148445,570.167253043523,342.01703082841857,0.13126784563064575,0.3920299738394185,89.90408777403523,34.630930581584174
walk_180_R_003__A332_M,eval_subset,heldout,walk_180_R,0.5701863354037268,,11.233333333333333,0.7909072637557983,31.216278682590982,565.9894184272964,526.8473641041229,0.06528937816619873,1.3466044986927956,19.80447484973366,39.55402184795911
KIT__KIT__359__turn_left04_stageii,amass_evalset,heldout,KIT__KIT__359__turn_left04_stageii,0.5683229813664596,,5.033333333333333,0.7549596428871155,31.797888642997947,525.1979748359441,520.0601136317885,0.0718390941619873,1.2481952924638064,18.154625989026403,43.087680210450806
walk_ff_loop_315_004__A066,eval_subset,heldout,walk_ff_loop_,0.5633540372670808,,5.166666666666667,0.7785370349884033,42.376409062825296,622.5945983671724,714.8882523611467,0.037905991077423096,0.9396308643984375,21.233974294417642,36.695917912840365
dance_basic_slide_360_R_fast_001__A310,eval_subset,heldout,dance_basic_slide_360_R_fast,0.5627329192546585,,3.8333333333333335,0.7835537791252136,20.949412078928937,532.7934824335885,344.09217018453614,0.13863331079483032,1.406833796680915,19.70362265291295,44.99436516111822
walk_ff_start_225_002__A149_M,eval_subset,heldout,walk_ff_start_,0.5583850931677018,,3.8333333333333335,0.7821006178855896,39.71239273387179,552.8453468932369,696.6787153448976,0.045358240604400635,1.1853309601183903,11.595625538928871,40.23165179906611
dancing_routine_V002_002__A373,eval_subset,heldout,dancing_routine_V,0.5546583850931677,,15.066666666666666,0.7812147736549377,32.46366919011892,431.5858566709823,311.4929017908061,0.07913529872894287,0.414423901610324,73.36939695179193,42.54546439810279
triumph_two_handed_002__A270_M,eval_subset,heldout,triumph_two_handed,0.553416149068323,,4.433333333333334,0.7797920107841492,38.66806102079474,927.2718434194296,852.5204502305988,0.0160447359085083,0.2758563340383562,80.55020741093813,8.96580051499126
KIT__KIT__314__turn_left10_stageii,amass_evalset,heldout,KIT__KIT__314__turn_left10_stageii,0.5515527950310559,,3.8333333333333335,0.7917426228523254,35.010988017718496,330.466391575088,522.07712562523,0.10915708541870117,0.9473338850997587,19.107622010605667,45.162414275013454
WEIZMANN__WEIZMANN__70__Normal_StraightLong(20)_stageii,amass_evalset,heldout,WEIZMANN__WEIZMANN__70__Normal_StraightLong(20)_stageii,0.5509316770186335,,3.8,0.7886162996292114,37.091210992384454,389.24145217795126,592.8153675696257,0.14481014013290405,1.2145131822586641,14.865533126332727,31.83423457832961
BMLmovi__BMLmovi__Subject_75_F_MoSh__Subject_75_F_7_poses,amass_evalset,heldout,BMLmovi__BMLmovi__Subject_75_F_MoSh__Subject_75_F_7_poses,0.5509316770186334,,10.133333333333333,0.825049638748169,30.85952383503369,370.5234852433923,453.178900153998,0.10545063018798828,1.1855843649380835,29.21815993613321,38.343339441392864
walk_ff_start_270_004__A052,eval_subset,heldout,walk_ff_start_,0.5472049689440993,,5.266666666666667,0.7787116169929504,39.93003407723249,480.30625342639087,694.0841243042688,0.032931387424468994,1.154312790556204,20.674828571516404,37.020198997338746
KIT__KIT__12__WalkInCounterClockwiseCircle10_stageii,amass_evalset,heldout,KIT__KIT__12__WalkInCounterClockwiseCircle10_stageii,0.5453416149068323,,6.7,0.8342018723487854,33.37871581503138,394.58265797446705,428.81966985161915,0.15914267301559448,1.0333064443712794,19.56639266465806,36.15867474501237
KIT__KIT__425__step_over_gap02_stageii,amass_evalset,heldout,KIT__KIT__425__step_over_gap02_stageii,0.5428571428571428,,5.266666666666667,0.8973351716995239,30.11104761296194,375.92702078495273,464.9559277219881,0.14933085441589355,0.9284900572036338,21.928050639731953,37.847459912518666
KIT__KIT__3__kneel_down_with_right_hand05_stageii,amass_evalset,heldout,KIT__KIT__3__kneel_down_with_right_hand05_stageii,0.5397515527950311,,4.133333333333334,0.8550193309783936,24.45737398925252,242.7323897051262,306.5820589136775,0.45151078701019287,0.7720759400082551,33.2160543349656,56.68979065134071
KIT__KIT__317__bend_left02_stageii,amass_evalset,heldout,KIT__KIT__317__bend_left02_stageii,0.5354037267080746,,3.0,0.8091239333152771,32.631961002269456,551.4202279229138,515.6065139003069,0.10483652353286743,1.1255770606456181,9.399760744784048,34.876808040215174
walk_arc_cw_start_R_002__A230_M,eval_subset,heldout,walk_arc_cw_start_R,0.5354037267080746,,7.933333333333334,0.7796769738197327,36.36431004823294,452.3688501925982,579.6447312020372,0.045587897300720215,1.1048345306305998,14.1460441855688,41.77824646640378
walk_backward_start_001__A030_M,eval_subset,heldout,walk_backward_start,0.5347826086956522,,4.0,0.7909698486328125,36.81464106463153,511.8868027238402,637.5866392078668,0.040529847145080566,1.240678395503438,20.526673700448445,32.76996231707065
jump_ff_180_R_003__A405_M,eval_subset,heldout,jump_ff_180_R,0.5335403726708075,,4.366666666666666,0.7825275659561157,18.240177219624112,612.5382632578053,303.65200854686174,0.1136859655380249,1.6067425001568447,15.61807832838988,44.0185893796878
BMLmovi__BMLmovi__Subject_90_F_MoSh__Subject_90_F_4_poses,amass_evalset,heldout,BMLmovi__BMLmovi__Subject_90_F_MoSh__Subject_90_F_4_poses,0.5242236024844721,,5.5,0.7674055695533752,26.78661179847465,863.1581895674083,330.8208178131759,0.029580891132354736,0.3974962199898987,76.80107124642647,30.28487045159974
warm_up_chest_003__A359_M,eval_subset,heldout,warm_up_chest,0.5180124223602485,,9.6,0.7792646884918213,39.831568625085715,1036.6647337324334,507.31223386711923,0.005312502384185791,0.1514303525178483,110.82369921205438,5.6003166177083505
BMLmovi__BMLmovi__Subject_24_F_MoSh__Subject_24_F_15_poses,amass_evalset,heldout,BMLmovi__BMLmovi__Subject_24_F_MoSh__Subject_24_F_15_poses,0.5173913043478261,,5.8,0.7847781181335449,20.682917742141008,253.40733504762147,286.94089285808764,0.45549196004867554,0.8028800525799592,33.817661380066845,52.31908056874488
KIT__KIT__183__turn_right06_stageii,amass_evalset,heldout,KIT__KIT__183__turn_right06_stageii,0.5149068322981367,,5.433333333333334,0.8311105966567993,24.690938207957956,372.6241462080095,412.11734315621106,0.13387787342071533,0.9945136471941813,16.366954670703123,41.298510609901236
small_heavy_two_hands_behind_high_to_front_high_R_001__A526_M,eval_subset,heldout,small_heavy_two_hands_behind_high_to_front_high_R,0.5,,7.266666666666667,0.7899565100669861,24.153884258308455,2131.6801235914804,315.3854149367786,0.02099841833114624,0.10682408300159972,98.13305642947236,20.464310364111707
walk_ff_stop_225_R_002__A266_M,eval_subset,heldout,walk_ff_stop_225_R,0.5,,4.833333333333333,0.7763811349868774,34.7399458171822,445.21023991408197,602.0917459774573,0.048369646072387695,0.9123229475753116,6.235470298271165,40.510475560059454
BMLmovi__BMLmovi__Subject_14_F_MoSh__Subject_14_F_10_poses,amass_evalset,heldout,BMLmovi__BMLmovi__Subject_14_F_MoSh__Subject_14_F_10_poses,0.4981366459627329,,9.966666666666667,0.782433032989502,27.717582369538757,318.45881656136817,426.9548232486008,0.10137975215911865,0.855342008127659,17.089921172553346,45.075433327824186
CMU__CMU__122__122_04_stageii,amass_evalset,heldout,CMU__CMU__122__122_04_stageii,0.4981366459627329,,3.9,0.7482396960258484,22.084350079239968,349.4340488813614,379.67541418888175,0.1828743815422058,0.6969211596372434,20.142978848241672,45.18070061241229
turn_start_walk_135_002__A034_M,eval_subset,heldout,turn_start_walk_,0.49503105590062113,,6.6,0.7783034443855286,29.400767473147425,554.17030540825,467.6262698630512,0.040776193141937256,0.853798576533499,13.804362867006958,40.6181324592552
KIT__KIT__200__Kniebeuge01_stageii,amass_evalset,heldout,KIT__KIT__200__Kniebeuge01_stageii,0.49130434782608695,,7.5,0.7590914368629456,21.074228387910736,268.1573420036755,187.54329313037746,0.36662057042121887,0.7047442691501336,39.21714199611272,52.7137869467027
KIT__KIT__3__walk_with_support03_stageii,amass_evalset,heldout,KIT__KIT__3__walk_with_support03_stageii,0.4906832298136646,,7.3,0.9277462959289551,23.503042511644598,334.5122029035263,235.18689141643696,0.1778273582458496,0.9446262559348659,53.41593725342583,24.910698858223252
KIT__KIT__314__bend_right06_stageii,amass_evalset,heldout,KIT__KIT__314__bend_right06_stageii,0.4881987577639752,,4.2,0.7758757472038269,27.756102811528717,410.0565198410226,368.6380532862124,0.09764719009399414,1.1013755630078461,16.450099874622076,35.050645617146714
KIT__KIT__11__LeftTurn05_stageii,amass_evalset,heldout,KIT__KIT__11__LeftTurn05_stageii,0.4863354037267081,,5.666666666666667,0.8312513828277588,23.60714330044637,414.37557288720734,320.3751142417966,0.11952215433120728,1.0038343286325269,17.75863333881619,38.15758972106413
GRAB__GRAB__s10__headphones_use_1_stageii,amass_evalset,heldout,GRAB__GRAB__s10__headphones_use_1_stageii,0.4850931677018634,,6.533333333333333,0.7741569876670837,26.63350879638701,619.8949917109339,331.9014305194031,0.02166152000427246,0.45709674002934564,68.67648464348507,26.33940940081214
KIT__KIT__359__walking_medium06_stageii,amass_evalset,heldout,KIT__KIT__359__walking_medium06_stageii,0.48447204968944096,,4.1,0.7797896862030029,27.16071898767279,571.8970155263014,450.4217110749414,0.0622178316116333,0.9576323814773178,11.122362734713297,35.12537742047237
freezing_cold_003__A237,eval_subset,heldout,freezing_cold,0.48447204968944096,,4.833333333333333,0.7842464447021484,20.132602009938335,649.783711688708,405.4853221872446,0.08849400281906128,0.4716829019470693,45.84744831761578,23.984198040263607
BMLmovi__BMLmovi__Subject_8_F_MoSh__Subject_8_F_1_poses,amass_evalset,heldout,BMLmovi__BMLmovi__Subject_8_F_MoSh__Subject_8_F_1_poses,0.48385093167701865,,4.166666666666667,0.7417960166931152,22.498189371263788,288.2113067464936,292.53427675636203,0.36236536502838135,0.5253084580819698,28.3516426200259,47.35278100541213
BMLmovi__BMLmovi__Subject_9_F_MoSh__Subject_9_F_3_poses,amass_evalset,heldout,BMLmovi__BMLmovi__Subject_9_F_MoSh__Subject_9_F_3_poses,0.47453416149068317,,4.6,0.7559625506401062,28.26510907025756,246.58000601932366,549.0237196082358,0.13107788562774658,0.6938531304761447,21.750978450501094,35.04179781855499
GRAB__GRAB__s2__banana_eat_1_stageii,amass_evalset,heldout,GRAB__GRAB__s2__banana_eat_1_stageii,0.4732919254658385,,12.3,0.7727115154266357,19.1045065910664,806.738436456893,248.2538248249229,0.0293692946434021,0.5878191125164494,77.62620510049955,21.37743570844175
medium_heavy_one_hand_right_side_low_to_right_side_high_R_001__A523_M,eval_subset,heldout,medium_heavy_one_hand_right_side_low_to_right_side_high_R,0.4714285714285714,,6.233333333333333,0.781053364276886,20.794124496877718,314.2466906602485,207.24047788346815,0.25682222843170166,0.3760766121931673,44.05953048835097,49.201322985817406
GRAB__GRAB__s1__toothpaste_pass_1_stageii,amass_evalset,heldout,GRAB__GRAB__s1__toothpaste_pass_1_stageii,0.4683229813664596,,8.033333333333333,0.7775458693504333,21.014810255157613,736.5616108720466,234.68583464745117,0.03253650665283203,0.6002087405192875,59.77774170354736,28.45594294910491
small_light_two_hands_walk_ff_stop_180_R_001__A507_M,eval_subset,heldout,small_light_two_hands_walk_ff_stop_180_R,0.46770186335403735,,4.3,0.7439500689506531,31.51786793480575,441.9710397756762,458.7091196750496,0.04338371753692627,1.0294709549823406,10.250595172348204,36.07404233346747
injured_torso_stoop_down_R_003__A214,eval_subset,heldout,injured_torso_stoop_down_R,0.46645962732919255,,10.433333333333334,0.7773890495300293,18.591185591068644,298.7155912748397,258.8848396305452,0.11425793170928955,0.6898989344824452,52.405936800821735,40.288411542629504
BMLmovi__BMLmovi__Subject_67_F_MoSh__Subject_67_F_4_poses,amass_evalset,heldout,BMLmovi__BMLmovi__Subject_67_F_MoSh__Subject_67_F_4_poses,0.462111801242236,,4.766666666666667,0.7597261071205139,24.074968881633513,1212.1007209606223,349.29743280910935,0.01721411943435669,0.06905164947663271,80.9137560470352,7.544137420840769
BMLmovi__BMLmovi__Subject_65_F_MoSh__Subject_65_F_1_poses,amass_evalset,heldout,BMLmovi__BMLmovi__Subject_65_F_MoSh__Subject_65_F_1_poses,0.46086956521739125,,2.8333333333333335,0.774395227432251,32.38155562728981,417.43414867301203,466.8022956754247,0.06118196249008179,0.3491137006278669,34.208837199447466,34.21175650945479
KIT__KIT__3__squat04_stageii,amass_evalset,heldout,KIT__KIT__3__squat04_stageii,0.45093167701863346,,5.466666666666667,0.7813679575920105,15.891398392830732,328.2082285826443,116.46519253067534,0.3030555546283722,0.6714707279434811,43.258384850376714,41.33286078961242
BMLmovi__BMLmovi__Subject_72_F_MoSh__Subject_72_F_17_poses,amass_evalset,heldout,BMLmovi__BMLmovi__Subject_72_F_MoSh__Subject_72_F_17_poses,0.44906832298136645,,3.466666666666667,0.7629438042640686,26.46430588836581,795.5763790982655,685.5170032320929,0.016136467456817627,0.21868115774669822,41.86347286809412,9.31105763069907
KIT__KIT__421__push_recovery_stand_front07_stageii,amass_evalset,heldout,KIT__KIT__421__push_recovery_stand_front07_stageii,0.4478260869565217,,3.533333333333333,0.763663113117218,22.08769558775817,344.8099425113712,276.0661473819766,0.12550443410873413,1.2055949591812547,18.296330475847082,33.29475519062995
dandle_baby_walking_R_003__A327_M,eval_subset,heldout,dandle_baby_walking_R,0.4472049689440994,,15.166666666666666,0.7874147295951843,23.13078420309005,680.7510807534193,412.4320032615355,0.0381697416305542,0.7351139003244853,15.633498892121603,34.7466111521259
walk_ff_loop_180_R_001__A255_M,eval_subset,heldout,walk_ff_loop_180_R,0.4440993788819876,,4.033333333333333,0.7348682284355164,33.63826552373397,372.07581862144104,581.9462840911259,0.032718777656555176,0.9686776714569086,8.628245384092528,32.15355911105184
big_light_two_hands_put_down_behind_medium_R_001__A510,eval_subset,heldout,big_light_two_hands_put_down_behind_medium_R,0.4434782608695652,,5.2,0.784574568271637,22.833256148536353,512.2504590707248,294.06697105181723,0.019435465335845947,0.36701954205250953,51.26798885384907,39.99639047989435
KIT__KIT__513__turn_right08_stageii,amass_evalset,heldout,KIT__KIT__513__turn_right08_stageii,0.4366459627329193,,8.366666666666667,0.7770635485649109,19.464903784814332,297.0560602122017,234.94585965517817,0.08518189191818237,0.9407014585481532,35.572620552661334,40.42157358659221
inj_torso_idle_turn_360_002__A077_M,eval_subset,heldout,inj_torso_idle_turn_,0.43416149068322973,,9.233333333333333,0.755668044090271,15.574314520085931,489.64813367310194,245.12676471559348,0.06337589025497437,0.7029119714411408,29.58594738067325,43.883754295117456
walk_sideway_045_stop_005__A042_M,eval_subset,heldout,walk_sideway_045_stop,0.4335403726708074,,5.566666666666666,0.7818647623062134,22.054753688488564,509.9759036242728,335.05197458229657,0.051605939865112305,0.8792959843058663,9.724821358289619,39.5433137428764
dancing_routine_1_002__A064,eval_subset,heldout,dancing_routine_,0.431055900621118,,13.1,0.780112087726593,30.29272371250068,403.4125557787304,336.0102145764913,0.013495385646820068,0.38847048287408037,44.17537239860765,36.83361485556642
hurry_idle_hurry_turn_360_003__A145,eval_subset,heldout,hurry_idle_hurry_turn_,0.4254658385093168,,4.1,0.7782169580459595,20.49880998644543,651.2107260365257,428.9164564252229,0.020415544509887695,0.5339426602557857,25.56832819926571,33.70635583472647
ACCAD__Male2General_c3d__A7-_Crouch_poses,amass_evalset,heldout,ACCAD__Male2General_c3d__A7-_Crouch_poses,0.4186335403726708,,4.433333333333334,0.813095211982727,11.425160085529612,227.70788598406554,261.02393166386435,0.40354520082473755,0.5702130174927246,19.43563685339717,48.34942046198208
GRAB__GRAB__s9__cup_drink_1_stageii,amass_evalset,heldout,GRAB__GRAB__s9__cup_drink_1_stageii,0.417391304347826,,6.2,0.7643475532531738,19.122942500514455,539.883961575134,249.91754422119865,0.03937870264053345,0.5650815506654613,50.15661084967585,27.767426359035166
kneeling_start_101__A063_M,eval_subset,heldout,kneeling_start,0.41428571428571426,,5.233333333333333,0.7737253308296204,13.192289084290366,170.57946659621635,140.46208910336546,0.4237036406993866,0.6035588110912858,22.02421892951337,50.33935170079341
look_over_fence_180_R_002__A463_M,eval_subset,heldout,look_over_fence_180_R,0.41428571428571426,,7.3,0.7852780222892761,20.809716102933248,375.22415589954437,206.14590102608196,0.09800839424133301,0.34628977302767466,73.25416701047665,20.274207056304277
outside_door_knob_right_side_open_full_R_001__A510,eval_subset,heldout,outside_door_knob_right_side_open_full_R,0.4118012422360248,,5.2,0.7836260795593262,22.42896664154194,552.7584156605755,285.09389687472327,0.030578553676605225,0.5511702646509403,40.09391809245933,27.639807315962088
medium_big_heavy_one_hand_front_low_to_front_medium_R_001__A522,eval_subset,heldout,medium_big_heavy_one_hand_front_low_to_front_medium_R,0.406832298136646,,4.566666666666666,0.7764924764633179,23.291463646697114,348.97644328244354,257.0531603713936,0.08892875909805298,0.36438962396192,39.51000640711749,34.66090385748628
BMLmovi__BMLmovi__Subject_42_F_MoSh__Subject_42_F_5_poses,amass_evalset,heldout,BMLmovi__BMLmovi__Subject_42_F_MoSh__Subject_42_F_5_poses,0.4,,4.9,0.7824799418449402,25.661117515696983,329.8989565343163,295.9224946188145,0.04479014873504639,0.3752992397629503,54.562939847254476,22.728110236972288
mid_small_valve_ccw_002__A487_M,eval_subset,heldout,mid_small_valve_ccw,0.3968944099378882,,5.566666666666666,0.7827129364013672,23.89000352607023,892.8241770763475,313.2165673579202,0.006560921669006348,0.10834152809256214,46.307651107400076,12.432224305115612
injured_torso_walk_ff_loop_180_R_002__A232,eval_subset,heldout,injured_torso_walk_ff_loop_180_R,0.3962732919254659,,5.533333333333333,0.7724907398223877,23.282266227802882,535.3873833746843,430.94053136214046,0.03228759765625,0.698725947353927,10.656249197557703,28.86331101702025
lift_crate_walk_ff_loop_315_R_001__A202,eval_subset,heldout,lift_crate_walk_ff_loop_315_R,0.3950310559006211,,7.533333333333333,0.7699246406555176,29.894702858608724,413.7107724325999,764.1880235341146,0.02038252353668213,0.5545304958516728,9.892698961827818,25.42646772898448
itching_left_body_side_R_001__A071,eval_subset,heldout,itching_left_body_side_R,0.3944099378881987,,4.033333333333333,0.7656135559082031,18.53435654577577,857.0025413420893,348.15768379679804,0.006840348243713379,0.64918923194432,29.202564676592097,12.73010759114934
reaching_up_R_002__A407,eval_subset,heldout,reaching_up_R,0.377639751552795,,8.733333333333333,0.7832399010658264,14.436871212305949,560.0205289182271,198.93280772666745,0.060393571853637695,0.30709955323705235,54.48343267194093,20.374817206866965
KIT__KIT__572__throw_right01_stageii,amass_evalset,heldout,KIT__KIT__572__throw_right01_stageii,0.37267080745341624,,4.5,0.7565909028053284,18.879998330932963,857.4515409026529,190.50843917499142,0.008119523525238037,0.2032317797245815,59.59994745812411,12.647731478791222
WEIZMANN__WEIZMANN__69__Slow_StraightLong(25)_stageii,amass_evalset,heldout,WEIZMANN__WEIZMANN__69__Slow_StraightLong(25)_stageii,0.37018633540372664,,6.6,0.8330752849578857,22.41970249179576,271.90360684832643,355.2910380477782,0.07456612586975098,0.8671299494586953,10.963583389093827,27.180344580382364
KIT__KIT__9__step_over_gap06_stageii,amass_evalset,heldout,KIT__KIT__9__step_over_gap06_stageii,0.3652173913043479,,5.533333333333333,0.7524293661117554,19.96522284711431,326.86932367511963,363.98355975612594,0.048492372035980225,0.7639261552674783,9.830569081763468,35.629239408327145
walk_hands_on_back_180_stop_R_001__A422_M,eval_subset,heldout,walk_hands_on_back_180_stop_R,0.36459627329192557,,4.0,0.7535651922225952,23.424623178950476,375.48191443221594,327.5879467030687,0.03017181158065796,0.8225533891613342,4.089218991071219,35.11491376632037
BMLmovi__BMLmovi__Subject_79_F_MoSh__Subject_79_F_16_poses,amass_evalset,heldout,BMLmovi__BMLmovi__Subject_79_F_MoSh__Subject_79_F_16_poses,0.3577639751552795,,5.333333333333333,0.764095664024353,22.40022926351537,423.1391580923662,257.2186978377336,0.018247008323669434,0.2728380280644868,52.51010943960315,20.254746817939125
KIT__KIT__7__WalkingStraightForwards06_stageii,amass_evalset,heldout,KIT__KIT__7__WalkingStraightForwards06_stageii,0.35527950310559003,,5.666666666666667,0.87728351354599,16.658581399890224,300.12068071542177,213.00668402025883,0.12164652347564697,0.8766146431828894,11.909340229623126,29.486827467076594
KIT__KIT__4__RightTurn08_stageii,amass_evalset,heldout,KIT__KIT__4__RightTurn08_stageii,0.34968944099378885,,5.4,0.8435748219490051,14.431178567332436,368.9604903669359,204.66610788952732,0.11982733011245728,0.8443912484437726,8.79478964856508,31.650630589053733
KIT__KIT__291__push_recovery_stand_back03_stageii,amass_evalset,heldout,KIT__KIT__291__push_recovery_stand_back03_stageii,0.34658385093167704,,6.033333333333333,0.8120449781417847,12.30203385518742,419.7246867621215,196.5335278826457,0.07700097560882568,1.0422997737129513,13.712489115838535,27.039463707844458
jump_ff_180_R_001__A225,eval_subset,heldout,jump_ff_180_R,0.3453416149068323,,3.8666666666666667,0.7646294236183167,13.13424955472664,325.53620735291645,242.3949997593518,0.0765923261642456,1.3341912681152337,9.505160233426187,28.28067267662895
BMLmovi__BMLmovi__Subject_31_F_MoSh__Subject_31_F_18_poses,amass_evalset,heldout,BMLmovi__BMLmovi__Subject_31_F_MoSh__Subject_31_F_18_poses,0.34099378881987574,,4.366666666666666,0.7739717364311218,24.207523999806195,419.7210240731792,317.2028773829729,0.00996696949005127,0.09618252690780547,47.869487153837156,11.449645168354083
making_friedeggs_R_002__A296,eval_subset,heldout,making_friedeggs_R,0.3403726708074534,,10.4,0.7740151286125183,17.101593144495826,732.5905004687871,310.16730295053884,0.0023458003997802734,0.054133933154649455,60.717324967824446,5.576771955123324
ACCAD__Female1General_c3d__A3_-_Swing_poses,amass_evalset,heldout,ACCAD__Female1General_c3d__A3_-_Swing_poses,0.3391304347826087,,14.533333333333333,0.8056807518005371,9.31233612612798,999.7642824253762,270.38128971671506,0.04308813810348511,0.2233329204461281,24.80956949369816,15.838039602333586
take_a_sip_360_R_001__A550_M,eval_subset,heldout,take_a_sip_360_R,0.3385093167701863,,10.266666666666667,0.771806538105011,17.183121986967848,406.86485781924034,229.4751162580635,0.023396074771881104,0.2826318113705105,46.81329737926531,30.17017304143232
triumph_one_handed_R_001__A048_M,eval_subset,heldout,triumph_one_handed_R,0.33416149068322987,,6.4,0.7768396139144897,15.092665015426205,612.893364792754,180.86441577036595,0.012467503547668457,0.2478513378042054,49.208846932140794,18.316301058520974
CMU__CMU__79__79_13_stageii,amass_evalset,heldout,CMU__CMU__79__79_13_stageii,0.3204968944099379,,11.1,0.7664105296134949,16.6587740162217,630.7675941902731,352.28589478444525,0.003000199794769287,0.07459160194917185,48.125119454718515,3.3826933904367134
walk_ff_start_270_R_slow_002__A443,eval_subset,heldout,walk_ff_start_270_R_slow,0.3186335403726708,,11.6,0.7779947519302368,19.058444830097848,254.97377490074044,245.89325266310124,0.027749598026275635,0.5194447843327912,12.001655778161568,44.21947475030316
big_light_one_hand_behind_medium_to_behind_medium_R_001__A523_M,eval_subset,heldout,big_light_one_hand_behind_medium_to_behind_medium_R,0.3173913043478261,,5.366666666666666,0.7846192717552185,20.50842681124409,375.96287927809533,278.0269866585511,0.006953179836273193,0.3153947881720051,32.48978035403044,31.1999765641293
show_bicep_R_002__A141_M,eval_subset,heldout,show_bicep_R,0.31490683229813665,,3.6666666666666665,0.7863026261329651,18.644202512478973,816.7677752435659,275.90097869504496,0.0010369420051574707,0.10575843528609313,44.77776402262202,2.2725061940443316
medium_big_light_one_hand_put_down_behind_high_R_001__A526,eval_subset,heldout,medium_big_light_one_hand_put_down_behind_high_R,0.31304347826086953,,4.166666666666667,0.7876565456390381,18.022283820326326,661.4840818690336,155.14864994414992,0.00671309232711792,0.08257392920777484,45.803506341804805,16.553499083097112
KIT__KIT__513__evasion05_stageii,amass_evalset,heldout,KIT__KIT__513__evasion05_stageii,0.3111801242236024,,3.933333333333333,0.7482783794403076,13.386565196073985,446.6482679419362,140.1296650556895,0.08783483505249023,0.3388623030384537,21.692100617124243,26.829857012752203
itching_left_body_side_R_002__A045_M,eval_subset,heldout,itching_left_body_side_R,0.30496894409937886,,3.2,0.7818246483802795,21.37201678280931,604.8547102528912,304.4247296906627,0.004002213478088379,0.05159756510853626,41.75794277876453,4.24987745945318
CMU__CMU__115__115_05_stageii,amass_evalset,heldout,CMU__CMU__115__115_05_stageii,0.3043478260869565,,9.766666666666667,0.7746429443359375,12.050414286977524,318.4710596754553,168.5455544507495,0.06195634603500366,0.4226662053708026,42.31129368741747,20.533313330707436
reaching_far_002__A042,eval_subset,heldout,reaching_far,0.30248447204968937,,5.2,0.7948848605155945,18.19202462368432,560.197516195095,197.96118474737352,0.00978243350982666,0.10378411717140744,44.312305180252146,13.940730330276912
triumph_004__A040,eval_subset,heldout,triumph,0.2968944099378882,,4.866666666666666,0.7777486443519592,22.149759831743747,282.95322221774273,301.41228868228427,0.005940735340118408,0.0760201927551671,53.672125885030695,15.894981986756221
BMLmovi__BMLmovi__Subject_88_F_MoSh__Subject_88_F_21_poses,amass_evalset,heldout,BMLmovi__BMLmovi__Subject_88_F_MoSh__Subject_88_F_21_poses,0.2950310559006211,,4.233333333333333,0.760891854763031,20.31688433126691,443.03905938071813,456.70628984795184,0.0031792521476745605,0.050077208665298426,42.65781847340323,4.981313097307539
looking_R_002__A165,eval_subset,heldout,looking_R,0.2720496894409938,,4.433333333333334,0.7842158675193787,14.436613245604992,403.6525003242731,161.22037768013456,0.029784321784973145,0.20844063685994071,34.21379671719768,18.999976805377322
KIT__KIT__3__Drinking04_stageii,amass_evalset,heldout,KIT__KIT__3__Drinking04_stageii,0.26583850931677017,,9.933333333333334,0.8116893172264099,9.283099947868942,284.62269120562314,108.18743900930772,0.0647740364074707,0.634977092043144,31.072524942002666,15.162604863353671
KIT__KIT__572__stomp_right02_stageii,amass_evalset,heldout,KIT__KIT__572__stomp_right02_stageii,0.2652173913043478,,5.366666666666666,0.7561220526695251,7.996284764046426,469.7380639406228,107.11908284703456,0.059952378273010254,0.5607539723009641,7.5976659186922735,29.239319543128474
knightly_bow_R_002__A429,eval_subset,heldout,knightly_bow_R,0.25403726708074537,,5.4,0.7808849811553955,14.228909216555332,223.41956878914607,186.14408058762453,0.04378020763397217,0.1690461958797556,36.50343932734303,25.538236880084877
step_rotate_idle_045_002__A023_M,eval_subset,heldout,step_rotate_idle_,0.2540372670807453,,8.1,0.7735745310783386,8.372528647193935,489.4995258322353,130.39381772692357,0.020838260650634766,0.26413080821657203,16.202653265787784,35.73090867510317
KIT__KIT__1717__displace_tilt_middle_17_stageii,amass_evalset,heldout,KIT__KIT__1717__displace_tilt_middle_17_stageii,0.253416149068323,,9.733333333333333,0.7741276025772095,12.89153062935674,300.3318872400315,256.11024984309677,0.004927575588226318,0.19930327180990515,54.04749164028046,6.154146680933889
KIT__KIT__969__Trial_76_stageii,amass_evalset,heldout,KIT__KIT__969__Trial_76_stageii,0.253416149068323,,13.1,0.764039158821106,10.898078261036337,402.7039919542334,68.2488391618136,0.0067923665046691895,0.24426607303743367,65.72427024049125,6.062692377831598
BMLmovi__BMLmovi__Subject_59_F_MoSh__Subject_59_F_4_poses,amass_evalset,heldout,BMLmovi__BMLmovi__Subject_59_F_MoSh__Subject_59_F_4_poses,0.25217391304347825,,4.8,0.762873113155365,13.629916986997701,370.0427573196997,234.58650323709074,0.00516122579574585,0.2459299883898176,45.535197175044075,5.899786246303978
item_looking_at_R_002__A411_M,eval_subset,heldout,item_looking_at_R,0.24844720496894407,,7.1,0.7818447947502136,11.333673273520143,848.486712711336,123.15500874073312,0.0032146573066711426,0.07155412428933054,35.72342523697246,4.284070644865044
lift_crate_turn_270_003__A162,eval_subset,heldout,lift_crate_turn_,0.24409937888198757,,4.833333333333333,0.7705057263374329,13.299958397977838,300.50723527149864,209.57058763145534,0.027196407318115234,0.44527473331003453,8.62808481747469,33.84255435023082
KIT__KIT__1747__displace_from_left_to_right_49_stageii,amass_evalset,heldout,KIT__KIT__1747__displace_from_left_to_right_49_stageii,0.23229813664596272,,5.233333333333333,0.7802955508232117,14.443357972676942,358.8348138964543,231.52903804529876,0.0032416582107543945,0.16470244701456074,41.759838415440505,6.087014562515779
KIT__KIT__9__walking_slow06_stageii,amass_evalset,heldout,KIT__KIT__9__walking_slow06_stageii,0.23043478260869563,,7.633333333333334,0.7756608724594116,11.901211782248767,219.41258708613944,181.5658830817386,0.04613310098648071,0.5407076552534078,7.9724303196713455,29.6560026972944
body_stretch_2_002__A066,eval_subset,heldout,body_stretch_,0.22919254658385094,,3.8333333333333335,0.7835237383842468,13.664623335448875,110.48718907087725,97.90192663211177,0.06167656183242798,0.2282505503686621,32.598019106000955,19.877743847859588
KIT__KIT__3__wave_right15_stageii,amass_evalset,heldout,KIT__KIT__3__wave_right15_stageii,0.22546583850931676,,9.1,0.7494400143623352,15.780986867677885,400.9161899389821,187.04191680035663,0.006415605545043945,0.05508668463431471,43.38092787752324,3.553544187009187
itching_right_thigh_R_003__A123_M,eval_subset,heldout,itching_right_thigh_R,0.22173913043478263,,3.1666666666666665,0.7863278985023499,19.650351222599223,270.7322379434058,229.59075183729405,0.011926472187042236,0.20686490161707924,21.770975418687424,14.007817203138503
KIT__KIT__572__violin_right06_stageii,amass_evalset,heldout,KIT__KIT__572__violin_right06_stageii,0.22111801242236023,,7.533333333333333,0.7621470093727112,10.126536540739185,271.7471357521777,93.87550734941101,0.005876004695892334,0.3995332414359377,53.53929283295975,4.936135216251468
lift_crate_walk_ff_stop_225_001__A144,eval_subset,heldout,lift_crate_walk_ff_stop_,0.2167701863354037,,6.3,0.7803727984428406,14.047823098758547,209.94766098153073,230.05483505161706,0.024254262447357178,0.537842215160615,4.232379454967015,26.03184397256101
itching_neck_R_004__A059,eval_subset,heldout,itching_neck_R,0.21490683229813665,,4.1,0.7858328223228455,12.249143576269262,574.6335308172671,311.93490869664805,0.0011927485466003418,0.020551220257350046,26.832601783221207,1.2833549634413786
BMLmovi__BMLmovi__Subject_85_F_MoSh__Subject_85_F_20_poses,amass_evalset,heldout,BMLmovi__BMLmovi__Subject_85_F_MoSh__Subject_85_F_20_poses,0.20869565217391303,,3.033333333333333,0.7711007595062256,14.640958983967549,378.3884694170031,237.21752211462095,0.004177510738372803,0.06859485942418089,32.043283430807506,4.061079395904728
KIT__KIT__572__violin_left05_stageii,amass_evalset,heldout,KIT__KIT__572__violin_left05_stageii,0.20683229813664597,,7.0,0.7647101879119873,9.566473485388007,264.0675784079283,81.54625562723017,0.005312085151672363,0.4148522159819633,51.01584604782762,3.772911900552892
KIT__KIT__1721__RecoveryStepping_50_45_03_stageii,amass_evalset,heldout,KIT__KIT__1721__RecoveryStepping_50_45_03_stageii,0.20372670807453416,,3.7333333333333334,0.8063706159591675,6.827059772617652,213.7734804545393,117.85679558663425,0.04636120796203613,0.8154765154217549,6.785356598231986,14.425169064396014
wiping_shoes_R_001__A234,eval_subset,heldout,wiping_shoes_R,0.20372670807453416,,5.4,0.7867719531059265,12.955750013063362,315.1042801410903,219.0496425095457,0.012357532978057861,0.32097912610634605,11.595646518319908,20.52930016323649
chefs_kiss_R_001__A405,eval_subset,heldout,chefs_kiss_R,0.2018633540372671,,7.0,0.7826608419418335,7.451633875837454,574.2225156462251,112.97017042463072,0.0045351386070251465,0.04724119701412023,33.94978154829487,5.7430106620120105
high_button_under_push_001__A484,eval_subset,heldout,high_button_under_push,0.19751552795031055,,3.6333333333333333,0.7848717570304871,13.102647086887144,480.1499360094987,209.36804376780097,0.0009184479713439941,0.03954317611323085,35.51773646848697,4.0530450268194285
eureka_R_001__A119,eval_subset,heldout,eureka_R,0.1888198757763975,,2.6666666666666665,0.778957724571228,10.625438332855406,617.8360498619325,140.7243281213679,0.003359198570251465,0.048533024797066046,23.7124380358811,2.05434580759455
no_hear_001__A186,eval_subset,heldout,no_hear,0.18571428571428572,,4.166666666666667,0.7822754383087158,15.12815663004878,338.6429476342936,134.8211918599563,0.0008668303489685059,0.01782054643177973,52.73803148388175,0.9850707142317919
KIT__KIT__441__castBox04_stageii,amass_evalset,heldout,KIT__KIT__441__castBox04_stageii,0.18074534161490682,,11.733333333333333,0.767319917678833,4.472696481186949,452.38316797664595,49.58580405188184,0.005031585693359375,0.13640654581549722,39.10494584416215,3.677015105232566
show_bicep_R_001__A260_M,eval_subset,heldout,show_bicep_R,0.17267080745341615,,4.0,0.7759924530982971,9.875548806134038,504.9379902434172,140.87303709758106,0.00215911865234375,0.042054513730879206,29.699809157343402,3.307640697175461
BMLmovi__BMLmovi__Subject_87_F_MoSh__Subject_87_F_16_poses,amass_evalset,heldout,BMLmovi__BMLmovi__Subject_87_F_MoSh__Subject_87_F_16_poses,0.17142857142857146,,3.9,0.7670607566833496,13.736172290756503,278.3976183762594,138.85713586075985,0.003367304801940918,0.05121872594744131,37.933359330824715,7.218600132930583
looking_around_on_ground_001__A029,eval_subset,heldout,looking_around_on_ground,0.1496894409937888,,10.366666666666667,0.7823678851127625,6.577438103497768,57.17867890797022,78.4255595186067,0.014415919780731201,0.08469950387158699,23.137932610635918,28.467789389728612
KIT__KIT__572__wipe_circular_right03_stageii,amass_evalset,heldout,KIT__KIT__572__wipe_circular_right03_stageii,0.14596273291925463,,4.933333333333334,0.7591339945793152,8.450072299764336,243.75717421272202,74.21467307768818,0.0044959187507629395,0.41388382071498453,27.783953524422056,3.2906006486308
eureka_R_003__A184_M,eval_subset,heldout,eureka_R,0.13788819875776398,,4.1,0.7810086607933044,9.651386225032962,336.5520901255693,116.1588226191905,0.0023782849311828613,0.05288112060117495,26.866882620821684,3.936898597133341
idle_turn_270_002__A049_M,eval_subset,heldout,idle_turn_,0.1360248447204969,,5.333333333333333,0.7815017104148865,6.93043819692853,271.03367960458456,109.78555166656987,0.006585061550140381,0.2964019281764617,5.059819809990237,24.22015991628601
looking_R_003__A237,eval_subset,heldout,looking_R,0.13291925465838508,,4.1,0.7859252095222473,9.555054839723898,269.1108193363365,100.85506438272158,0.0026680827140808105,0.07895310476795257,28.185391462906782,7.736641610733422
injured_R_leg_idle_loop_002__A173_M,eval_subset,heldout,injured_R_leg_idle_loop,0.12236024844720497,,12.4,0.7938541173934937,7.1373345147974065,106.13075354559149,108.22137576252479,0.02196800708770752,0.08641380197727422,12.210069330935664,13.198206971284343
itching_right_buttock_R_002__A099,eval_subset,heldout,itching_right_buttock_R,0.11055900621118012,,3.1666666666666665,0.7859282493591309,11.384302971021583,297.2282834321236,152.80563251901515,0.0022141337394714355,0.041792925061323885,20.05311096917186,2.7501372305929173
checking_time_R_003__A099,eval_subset,heldout,checking_time_R,0.10372670807453414,,2.9,0.7819581031799316,10.443790737808516,285.74577921084835,117.03770254419175,0.0014031529426574707,0.026488086073824666,24.693817340207545,1.4654789344339472
idle_right_to_idle_001__A054,eval_subset,heldout,idle_right_to_idle,0.10062111801242236,,5.733333333333333,0.7583510875701904,3.747220446977363,118.43209926438195,61.34366445353512,0.021634161472320557,0.10972914158303229,5.469301372968434,17.525479003571558
change_idle_right_to_idle_001__A037,eval_subset,heldout,change_idle_right_to_idle,0.09813664596273293,,7.566666666666666,0.760672390460968,3.1589217501522824,159.1714968142588,78.39845419722482,0.02149832248687744,0.10488102371746162,3.7507540036346008,16.50448007607408
injured_R_leg_idle_right_to_idle_R_002__A232_M,eval_subset,heldout,injured_R_leg_idle_right_to_idle_R,0.09627329192546584,,4.966666666666667,0.7689502239227295,5.579923965125996,113.81101525309933,86.14666694771873,0.01803499460220337,0.098869475031382,7.300260390151503,11.842992649938699
tasty_R_006__A100,eval_subset,heldout,tasty_R,0.09627329192546584,,5.3,0.7766394019126892,8.390525392341695,163.67245487351371,105.58651440111939,0.007066011428833008,0.03971716781299836,18.730918215770846,4.161886942714157
idle_hands_on_back_start_001__A069_M,eval_subset,heldout,idle_hands_on_back_start,0.08633540372670807,,5.966666666666667,0.7735121846199036,3.972741584447135,170.16740128358933,85.7859806643821,0.003521859645843506,0.05170420882819453,24.935779802631945,2.2453143749718154
itching_right_thigh_R_002__A271,eval_subset,heldout,itching_right_thigh_R,0.08260869565217391,,6.766666666666667,0.7794321179389954,4.200948456905495,143.7100317410468,67.5019372353498,0.006491243839263916,0.11184415598119404,9.62829748464832,8.568596414449553
yawn_R_006__A276,eval_subset,heldout,yawn_R,0.0813664596273292,,5.4,0.7868306636810303,7.580597498529569,191.74860486255884,73.37892793144843,0.0008707046508789062,0.03163438188736268,29.596444855442005,2.2090699005466012
itching_left_forarm_003__A042,eval_subset,heldout,itching_left_forarm,0.08012422360248447,,8.833333333333334,0.7860369682312012,4.458415836461762,166.35579714179076,73.55135040253074,0.0032862424850463867,0.04423742715758924,23.793994493776403,3.66637133040995
object_looking_at_R_003__A352_M,eval_subset,heldout,object_looking_at_R,0.0763975155279503,,9.4,0.7812210321426392,4.5455214325479885,59.535215834369225,85.36460832335804,0.004215359687805176,0.07984812376269428,10.352022400012752,11.135288631087574
idle_crouch_right_loop_R_003__A198_M,eval_subset,heldout,idle_crouch_right_loop_R,0.047204968944099375,,10.2,0.6047618389129639,1.7855522785880131,107.21853374167596,50.66816012998387,0.010743379592895508,0.07456389832117746,6.234382336228919,1.8508793814183349
ACCAD__Male2MartialArtsPunches_c3d__E12_-_backfist_right_poses,amass_evalset,heldout,ACCAD__Male2MartialArtsPunches_c3d__E12_-_backfist_right_poses,,too_short,2.466666666666667,0.7649405598640442,38.06718347397631,1041.4764312479779,950.1671429854663,0.0658460259437561,1.1873427638142393,34.86446208007171,23.84258337706886
BMLmovi__BMLmovi__Subject_28_F_MoSh__Subject_28_F_7_poses,amass_evalset,heldout,BMLmovi__BMLmovi__Subject_28_F_MoSh__Subject_28_F_7_poses,,too_short,2.2333333333333334,0.7696078419685364,12.765356811728928,247.68711138189104,194.9888839283498,0.006694614887237549,0.050892902976594545,17.450916398458133,5.241626569710263
CMU__CMU__144__144_34_stageii,amass_evalset,heldout,CMU__CMU__144__144_34_stageii,,too_long,39.1,0.9195176959037781,30.03088037411457,435.54125337028245,446.19642779134136,0.16585975885391235,0.880332909551729,26.485912795409522,55.08344604859895
CMU__CMU__29__29_24_stageii,amass_evalset,heldout,CMU__CMU__29__29_24_stageii,,too_long,35.46666666666667,0.80376797914505,16.582548914619807,232.60646350585333,201.59713560700715,0.048213958740234375,0.415154483765254,50.393636297383985,30.57277194309991
CMU__CMU__54__54_27_stageii,amass_evalset,heldout,CMU__CMU__54__54_27_stageii,,too_long,28.7,0.7590955495834351,8.995938869063117,172.91992683145418,230.57109565010853,0.14434021711349487,0.27104898146170225,33.567858313149195,48.49593297591547
CMU__CMU__74__74_13_stageii,amass_evalset,heldout,CMU__CMU__74__74_13_stageii,,too_long,42.1,0.755588948726654,36.63388784848657,1104.5603316297825,653.7364693781207,0.48542630672454834,0.8979766027895898,106.60607432258486,73.5046949366791
CMU__CMU__80__80_16_stageii,amass_evalset,heldout,CMU__CMU__80__80_16_stageii,,too_long,21.0,0.7681921124458313,19.96203325650971,604.9954420318709,382.12500845823973,0.0031918883323669434,0.07957939763911759,69.18496318554836,6.141705652554954
CMU__CMU__84__84_13_stageii,amass_evalset,heldout,CMU__CMU__84__84_13_stageii,,too_long,42.1,0.7566542625427246,36.930740266981445,936.446085210699,639.4673381826981,0.48209041357040405,0.8689632588886487,107.45616992721436,74.31348988404241
DFaust__DFaust__50002__50002_shake_arms_stageii,amass_evalset,heldout,DFaust__DFaust__50002__50002_shake_arms_stageii,,too_short,1.9333333333333333,0.7568305730819702,104.00327306991359,1387.6279936670687,3223.2362506158934,0.006373286247253418,0.417871130658828,54.10056594920265,4.978024639143288
EyesJapanDataset__Eyes_Japan_Dataset__hamada__gesture_etc-29-pantomime-hamada_stageii,amass_evalset,heldout,EyesJapanDataset__Eyes_Japan_Dataset__hamada__gesture_etc-29-pantomime-hamada_stageii,,too_long,29.766666666666666,0.8691174983978271,19.920927120995014,1085.6048149847586,357.3133206457404,0.11984384059906006,0.9178091315895881,93.97478720647709,28.063645326737333
EyesJapanDataset__Eyes_Japan_Dataset__shiono__gesture_etc-16-dryer-shiono_stageii,amass_evalset,heldout,EyesJapanDataset__Eyes_Japan_Dataset__shiono__gesture_etc-16-dryer-shiono_stageii,,too_long,30.033333333333335,0.768859326839447,11.43100681388183,532.2127797503539,149.82515179096475,0.027279436588287354,0.1861936358738841,98.71717163453641,24.952064240298267
GRAB__GRAB__s1__waterbottle_pick_all_stageii,amass_evalset,heldout,GRAB__GRAB__s1__waterbottle_pick_all_stageii,,too_long,20.233333333333334,0.7829038500785828,9.702515195478172,843.0137077426144,109.51740968397176,0.05459952354431152,0.6418897036710068,59.52421727832286,27.40722277338364
KIT__KIT__1226__Trial_01_stageii,amass_evalset,heldout,KIT__KIT__1226__Trial_01_stageii,,too_long,118.33333333333333,0.7642550468444824,12.586080006058744,552.858563309281,98.50725830831168,0.013791978359222412,0.21097091495091866,106.43737534925481,15.236480253894227
KIT__KIT__1226__Trial_05_stageii,amass_evalset,heldout,KIT__KIT__1226__Trial_05_stageii,,too_long,111.03333333333333,0.7850627303123474,14.550091424406496,1308.7818010677956,143.9517591307101,0.027851462364196777,0.41288195274344014,132.78603361279926,33.58702152652541
KIT__KIT__917__Experiment3a_04_stageii,amass_evalset,heldout,KIT__KIT__917__Experiment3a_04_stageii,,too_long,112.16666666666667,0.7711750864982605,6.708882857419764,805.8620548844889,86.97914306632792,0.2290346622467041,0.7454225226653092,88.40498453765655,41.453071707681396
WEIZMANN__WEIZMANN__66__Normal_StraightLong(14)_stageii,amass_evalset,heldout,WEIZMANN__WEIZMANN__66__Normal_StraightLong(14)_stageii,,too_short,1.6333333333333333,0.9984311461448669,33.94995620271283,291.0165166650366,447.52327347137117,0.2130117416381836,1.0306976371008232,12.065111033184271,27.896140655847503
WEIZMANN__WEIZMANN__68__Mixed_SlowFast(3)_stageii,amass_evalset,heldout,WEIZMANN__WEIZMANN__68__Mixed_SlowFast(3)_stageii,,too_short,1.5333333333333334,0.9080709218978882,75.00008573357545,453.8807082965123,1152.9543492566959,0.17756271362304688,1.912242638414431,33.13453222335499,36.41902929207057
WEIZMANN__WEIZMANN__70__Fast_StraightLong(21)_stageii,amass_evalset,heldout,WEIZMANN__WEIZMANN__70__Fast_StraightLong(21)_stageii,,too_short,1.4333333333333333,0.88954758644104,70.63798417138564,3604.878084680566,1206.546923490994,0.15185660123825073,1.7769874077190917,34.86552383145359,32.635814418010575
aiming1_subject1,lafan1_evalset,heldout,aiming1_subject,,too_long,239.46666666666667,1.016572117805481,0.4930149602352778,1145.6265537314446,13.34733700503987,0.5286773443222046,1.5172451659266522,23.575295331212015,1.5272797508631888
aiming1_subject4,lafan1_evalset,heldout,aiming1_subject,,too_long,239.46666666666667,1.0912048816680908,0.5322609760035444,30.756726030708244,14.657308303117935,0.788181483745575,2.1954045315459796,1.3825758738071894,0.5043561849470924
aiming2_subject3,lafan1_evalset,heldout,aiming2_subject,,too_long,305.73333333333335,1.4200718402862549,0.4710228415790376,30.53068945786313,12.915964359727752,0.8108149766921997,2.834231935259795,1.614511967519514,0.4834970479118737
aiming2_subject5,lafan1_evalset,heldout,aiming2_subject,,too_long,305.73333333333335,1.641615390777588,0.38827253713475546,30.464300019130583,10.354857297795117,1.0999581813812256,4.618393648547799,1.3953783990161146,0.5877611777863136
dance1_subject1,lafan1_evalset,heldout,dance1_subject,,too_long,131.5,1.3326241970062256,0.5664266883771916,52.39219919789311,18.979498160172646,0.7889864444732666,2.7556282190412476,1.2515064272251062,1.0371557846549606
dance1_subject3,lafan1_evalset,heldout,dance1_subject,,too_long,131.5,1.1485508680343628,0.6968346308963844,27.795237115087108,23.569307546121465,0.4682132601737976,1.8886972937913642,1.441772732904233,0.5440953701563133
dance2_subject1,lafan1_evalset,heldout,dance2_subject,,too_long,225.7,1.0235810279846191,0.6808286122260118,587.9758581969397,23.141511352190246,0.7312986254692078,56.91029464207151,1.2940475429576357,8.554520146624677
dance2_subject3,lafan1_evalset,heldout,dance2_subject,,too_long,225.7,1.0001099109649658,0.7526107069759037,28.598557007713453,26.29658579292937,0.502719521522522,2.433877736048941,1.5483073862655827,0.615430948489606
dance2_subject4,lafan1_evalset,heldout,dance2_subject,,too_long,225.7,1.3376383781433105,0.8569619130773404,463.1970237588097,31.995292545807708,0.857230544090271,159.97388997182406,1.3487234931252965,7.196223354319877
dance2_subject5,lafan1_evalset,heldout,dance2_subject,,too_long,225.7,1.0270047187805176,0.8141676328097174,30.286992577145313,29.193516153014727,0.5203396081924438,2.5266544646634586,1.318868012318386,0.6039256888216534
fallAndGetUp1_subject1,lafan1_evalset,heldout,fallAndGetUp1_subject,,too_long,168.23333333333332,1.4888641834259033,0.5612265124067805,32.76230435877669,16.70106800774807,1.1165140867233276,3.094235475909283,1.5378344334291236,0.5980847879084671
fallAndGetUp1_subject4,lafan1_evalset,heldout,fallAndGetUp1_subject,,too_long,168.23333333333332,1.563624382019043,0.5779283211926681,34.84062420150579,15.612277770760526,0.8930212259292603,4.863794379558623,1.5625357632513313,0.5003632759795333
fallAndGetUp1_subject5,lafan1_evalset,heldout,fallAndGetUp1_subject,,too_long,168.23333333333332,1.976872205734253,0.529431918799963,510.96748700919994,15.137236034926605,1.45320725440979,104.81230529184062,1.529593475975519,8.506658060699907
fallAndGetUp2_subject3,lafan1_evalset,heldout,fallAndGetUp2_subject,,too_long,163.93333333333334,1.5678383111953735,0.6090057774569045,457.91404599197887,15.938828397241338,0.9308003187179565,6.154736314043401,1.5336138541493327,7.169662907806791
fallAndGetUp3_subject1,lafan1_evalset,heldout,fallAndGetUp3_subject,,too_long,102.2,1.4561232328414917,0.6231116756848181,38.36720454923969,17.64101211533187,0.7727983593940735,2.8202663116727535,1.2051029881650257,0.5970413701384433
fight1_subject3,lafan1_evalset,heldout,fight1_subject,,too_long,244.9,1.414226770401001,0.8059507912028945,38.1436524577052,28.493090432578704,1.081286072731018,4.627474442686388,1.5060880536276886,0.6881618204393011
fightAndSports1_subject4,lafan1_evalset,heldout,fightAndSports1_subject,,too_long,245.16666666666666,1.1600537300109863,0.6937736011425223,41.99185787571852,21.715664739727615,0.889411985874176,3.7908237761888754,1.5412874137432493,0.7723493597744429
ground1_subject1,lafan1_evalset,heldout,ground1_subject,,too_long,158.06666666666666,1.102135419845581,0.541455029598456,32.29513222615252,14.01456875809789,0.7584571838378906,2.1339028484867946,1.36247780973312,0.36789007977324434
ground1_subject5,lafan1_evalset,heldout,ground1_subject,,too_long,158.06666666666666,1.6814571619033813,0.4314521868753507,33.463235446876325,11.623798778300218,1.0922998189926147,1.716108636435019,1.5558661981097166,0.4561069304606978
ground2_subject2,lafan1_evalset,heldout,ground2_subject,,too_long,185.0,1.6025941371917725,0.44883859276899,464.0259980820824,12.127433474833522,1.3467077016830444,117.79234412389303,1.625926879243515,8.905714345071326
jumps1_subject2,lafan1_evalset,heldout,jumps1_subject,,too_long,244.46666666666667,1.479410171508789,0.5587294282324097,40.75878674938319,17.233003581581357,1.1402510404586792,3.307221124459109,1.5027612107468207,0.7404827581302557
jumps1_subject5,lafan1_evalset,heldout,jumps1_subject,,too_long,244.46666666666667,1.402513027191162,0.816653684686592,238.90672711302506,27.826721012268376,1.2331520915031433,3.5336753605179947,1.5730650494260456,3.0742551787354873
multipleActions1_subject1,lafan1_evalset,heldout,multipleActions1_subject,,too_long,152.9,1.5316846370697021,0.5832771007893828,30.77370758853217,15.851616675803255,1.1117575764656067,4.289441618372059,1.4628698977758634,0.8772982601636725
obstacles1_subject1,lafan1_evalset,heldout,obstacles1_subject,,too_long,179.7,1.0508350133895874,0.5346569451861185,28.641804911764332,16.582334644611205,2.2585331201553345,3.1699063500864164,1.3941411907180392,0.6445280105613602
obstacles1_subject2,lafan1_evalset,heldout,obstacles1_subject,,too_long,179.7,1.4308769702911377,0.4221733016766826,40.11582395701714,13.710273895473275,1.732690155506134,3.3729342847586543,1.5000920206057273,0.7699964624361839
obstacles1_subject5,lafan1_evalset,heldout,obstacles1_subject,,too_long,179.7,1.2357605695724487,0.48395216336112035,31.293169088121022,15.224888124627327,1.465290904045105,2.6062523379822586,1.367961624960302,0.6352362181295506
obstacles2_subject2,lafan1_evalset,heldout,obstacles2_subject,,too_long,244.1,1.7853518724441528,0.4609964571169298,30.91269766927369,12.725624556516657,1.640825867652893,5.337442589005481,1.4531580629436287,0.7057021870107724
obstacles2_subject5,lafan1_evalset,heldout,obstacles2_subject,,too_long,244.1,1.4381588697433472,0.46145535687481964,40.13972828509087,13.570181273549482,1.233659029006958,4.408003573047602,1.2378581713274095,0.6396993899014504
obstacles3_subject4,lafan1_evalset,heldout,obstacles3_subject,,too_long,131.1,0.7922053337097168,0.4195232518850056,528.8019070760283,11.970611510869613,1.1440372467041016,118.37831482156379,1.466920144448865,7.582184596631877
obstacles4_subject2,lafan1_evalset,heldout,obstacles4_subject,,too_long,246.7,1.3804888725280762,0.6077714834246517,178.22489113730586,18.806770714749927,2.4893921613693237,3.4885837270040487,1.4684294952406471,2.4576499240705796
obstacles4_subject4,lafan1_evalset,heldout,obstacles4_subject,,too_long,246.7,1.342299222946167,0.46361450744038285,34.7172069520719,12.45685402344625,1.0602163672447205,4.527110133152798,1.5372505973299062,0.6090374667630196
obstacles5_subject2,lafan1_evalset,heldout,obstacles5_subject,,too_long,246.2,2.3365039825439453,0.41927330008722646,459.5703241770246,11.968549774016514,1.974325716495514,153.99373946469382,1.5130544373224144,7.40468468163332
obstacles5_subject3,lafan1_evalset,heldout,obstacles5_subject,,too_long,246.2,1.3057677745819092,0.5251410586764891,627.5577339832209,15.331863098240664,3.234054446220398,70.75182890653622,1.6339273295662005,9.173052108830861
obstacles5_subject4,lafan1_evalset,heldout,obstacles5_subject,,too_long,246.2,1.4990514516830444,0.3988340231726796,45.69035408486166,9.659679623268218,0.7491362690925598,2.6841737311855924,1.3941816077526143,0.8845514010718315
obstacles6_subject1,lafan1_evalset,heldout,obstacles6_subject,,too_long,251.7,1.2223353385925293,0.44699551139299404,32.83253577891735,11.575394844527573,1.4631627202033997,3.587596130395863,1.5713901094261475,0.6292208962213269
obstacles6_subject4,lafan1_evalset,heldout,obstacles6_subject,,too_long,251.7,1.5612261295318604,0.3434254488113294,39.69960370157992,8.749453793907088,1.5104025602340698,2.7503109135876755,1.420385240922531,0.6302488918711019
push1_subject2,lafan1_evalset,heldout,push1_subject,,too_long,102.2,1.373525619506836,0.47969831526905826,25.126840154487677,12.885902851011798,0.9931927919387817,1.3510714255672067,1.221869327257067,0.3006274215324069
pushAndStumble1_subject3,lafan1_evalset,heldout,pushAndStumble1_subject,,too_long,226.7,1.4240144491195679,0.46498001884803464,27.55075903148296,13.377720151190656,0.8913766145706177,5.118881299050398,1.2214692446146884,0.5057274771575782
pushAndStumble1_subject5,lafan1_evalset,heldout,pushAndStumble1_subject,,too_long,226.7,1.470965027809143,0.44063518012559383,27.918308586194254,12.066902383223914,1.0149774551391602,4.032267663931159,1.2818772868022266,0.4862821259145392
run1_subject5,lafan1_evalset,heldout,run1_subject,,too_long,237.83333333333334,1.8337335586547852,0.3726969756778021,38.91256100351935,11.760451851223204,1.1952421069145203,4.893041083225303,1.1712738611423108,0.5231130522324468
run2_subject1,lafan1_evalset,heldout,run2_subject,,too_long,244.83333333333334,0.8511249423027039,0.4134197674996898,577.9156202747921,12.85835702055739,0.7977479100227356,21.377855157165346,1.2287390216819054,7.276302450381238
walk1_subject1,lafan1_evalset,heldout,walk1_subject,,too_long,261.3333333333333,0.8619548082351685,0.653697207899588,33.15211179244581,18.25891999154764,0.5396439433097839,1.9257767586658525,1.4149772911901732,0.4393997321865503
walk1_subject2,lafan1_evalset,heldout,walk1_subject,,too_long,261.3333333333333,1.4562678337097168,0.32179431913475715,450.8351952474953,8.137666671611925,0.801277220249176,164.8539086391521,1.0396493361194552,6.7014297610460245
walk1_subject5,lafan1_evalset,heldout,walk1_subject,,too_long,261.3333333333333,1.2631595134735107,0.2837939412551419,431.75552497326777,7.075494924422619,1.0151124596595764,166.29032970239777,1.2064420293380633,7.448055736765802
walk2_subject1,lafan1_evalset,heldout,walk2_subject,,too_long,238.2,0.9440232515335083,0.6382057810322069,34.924853240576745,18.597678603213005,0.5888523459434509,3.2399306635406355,1.477725244296322,0.6996760764135456
walk2_subject3,lafan1_evalset,heldout,walk2_subject,,too_long,238.2,1.252880573272705,0.713128672583824,32.44065367528787,19.56989517630693,0.8887488842010498,3.513906379037295,1.337368777684157,0.4980324914342964
walk2_subject4,lafan1_evalset,heldout,walk2_subject,,too_long,238.2,1.1115200519561768,0.7116471418671652,37.40142006946813,20.032162133767716,0.5148857235908508,2.990598770365957,1.2994794819666389,0.49153884416088545
walk3_subject1,lafan1_evalset,heldout,walk3_subject,,too_long,246.63333333333333,1.0431573390960693,0.74602703418545,622.6364119314976,20.786500812061462,0.9557577967643738,82.85115965406942,1.4856591186173926,6.772014975869876
walk3_subject2,lafan1_evalset,heldout,walk3_subject,,too_long,246.63333333333333,1.9273369312286377,0.36665801513739094,515.719179178452,9.374215198492523,1.4648135304450989,123.92045452188117,1.3209267423915034,7.498163543157754
walk3_subject3,lafan1_evalset,heldout,walk3_subject,,too_long,246.63333333333333,0.9542567133903503,0.48181324156805994,72.0410610187674,12.79146504108725,0.6096639037132263,1.2631669463561344,1.3682546222569825,0.9167191855437102
walk3_subject4,lafan1_evalset,heldout,walk3_subject,,too_long,246.63333333333333,1.585660457611084,0.7166672913061138,30.89008120538449,19.2120908994216,0.8146098256111145,4.1152674398208715,1.4656909171715695,0.46857469123732587
walk3_subject5,lafan1_evalset,heldout,walk3_subject,,too_long,246.63333333333333,0.8839621543884277,0.3600766666705956,583.3464178760945,10.543329024319089,1.139030933380127,93.84283635203175,1.2966715290715671,7.8596564673652765
walk4_subject1,lafan1_evalset,heldout,walk4_subject,,too_long,163.93333333333334,1.0784177780151367,0.2718735282485773,33.70629199735947,6.654345351935968,0.5563521385192871,1.161234310538651,1.3682589957029558,0.39929852027089224
avoid_obstacle_jump_run_ff_180_R_002__A501,eval_subset,heldout,avoid_obstacle_jump_run_ff_180_R,,too_short,2.4,0.7561784386634827,168.9494674183709,1236.2816909056373,3735.634922564017,0.299121618270874,3.8082643232765974,73.31272297690607,67.64814377225774
body_check_002__A122,eval_subset,heldout,body_check,,too_long,36.6,0.7833718061447144,13.57718734761804,790.563054398422,228.63348311533392,0.07098478078842163,0.34962037621981634,103.65604210404703,33.704102422584164
change_idle_crawl_to_idle_crawl_right_003__A125,eval_subset,heldout,change_idle_crawl_to_idle_crawl_right,,starts_low,4.1,0.08689189702272415,10.52022551849516,328.5453496446029,195.900427407644,0.0147634819149971,0.11336373801900407,22.14832786900286,29.135714086698787
crawl_ff_stop_225_R_002__A218,eval_subset,heldout,crawl_ff_stop_225_R,,starts_low,8.4,0.2797384560108185,39.02659282251747,486.58684288710214,529.9703829574946,0.27474749833345413,0.8036792018637595,53.12166520027352,57.52789972119161
crouch_ff_stop_270_R_001__A248_M,eval_subset,heldout,crouch_ff_stop_270_R,,starts_low,4.9,0.5769113898277283,38.624393276241705,827.9614393025777,813.2088644311613,0.09882217645645142,1.0984683729195441,12.387419103323264,47.404857498147685
h_b_w_crouch_270_stop_001__A343_M,eval_subset,heldout,h_b_w_crouch_270_stop,,starts_low,3.533333333333333,0.43267354369163513,26.388655799885406,533.450512480798,384.1396851747693,0.24428275227546692,1.043861880308424,42.777428896702325,50.70505273773235
jog_ff_loop_180_R_003__A144_M,eval_subset,heldout,jog_ff_loop_180_R,,too_short,2.433333333333333,0.7547425627708435,87.43283837369565,873.3618774703816,1718.5409354919525,0.07707357406616211,2.0053870785157732,19.714837333753707,46.40431796541699
jog_ff_loop_180_R_004__A079,eval_subset,heldout,jog_ff_loop_180_R,,too_short,2.4,0.7912819385528564,82.98252853159704,810.7740537279951,1615.2730842258404,0.15320152044296265,2.443136535285901,38.05606519909543,48.955121008712815
jump_ff_270_001__A084,eval_subset,heldout,jump_ff_,,too_short,2.2666666666666666,0.789120614528656,36.48639117213413,423.46912666560365,588.6648839087685,0.0915079116821289,1.247794304330524,29.31704928971305,34.46507267552868
jump_ff_272__A251,eval_subset,heldout,jump_ff,,too_short,1.8666666666666667,0.7914591431617737,34.81365830942679,431.58052912342976,561.0353576821956,0.10987025499343872,1.6470086485367337,13.016383007533026,42.59933320295733
jump_ff_360_003__A127_M,eval_subset,heldout,jump_ff_,,too_short,1.9,0.7849132418632507,28.649238770410744,429.8193936608025,523.2424148225659,0.07236146926879883,0.9926158790343793,11.114781476292888,27.42976378780607
kneeling_stop_002__A051_M,eval_subset,heldout,kneeling_stop,,starts_low,2.7666666666666666,0.4115922451019287,22.79201385997273,339.1249370085486,329.1405441480004,0.376738965511322,0.8462560306518656,16.304873366166607,49.14257964148255
looking_around_up_002__A025_M,eval_subset,heldout,looking_around_up,,too_long,23.4,0.7843385338783264,2.681553511298849,70.30411363054914,50.18927010368159,0.009903907775878906,0.05840267699433804,10.00739271042433,18.43858201304962
medium_big_heavy_two_hands_hold_long_R_001__A504_M,eval_subset,heldout,medium_big_heavy_two_hands_hold_long_R,,too_long,21.433333333333334,0.7375944256782532,5.757024119890656,147.89610100409112,96.56099168967057,0.06470322608947754,0.2948315782444379,8.839826406602304,23.546349686218026
mohak_forward_stop_002__A036_M,eval_subset,heldout,mohak_forward_stop,,starts_low,8.166666666666666,0.3779338598251343,24.34621530072814,405.4734970588902,393.368368575175,0.034533947706222534,0.6063943296455238,38.7939179877085,36.61606933733102
nailing_floor_R_004__A283_M,eval_subset,heldout,nailing_floor_R,,starts_low,7.4,0.44527098536491394,17.258909943008877,613.1058807926939,331.87758096407737,0.016284048557281494,0.38355365445402967,44.54671411665368,15.484933592083335
neutral_dancecard_go_turn_walk_001__A536,eval_subset,heldout,neutral_dancecard_go_turn_walk,,too_long,45.666666666666664,0.7799712419509888,22.43545586491891,441.0547015966273,329.3018310542691,0.04206109046936035,0.9917777425493818,12.961840196504815,56.090248100793396
turn_crawl_360_003__A133,eval_subset,heldout,turn_crawl_,,starts_low,6.533333333333333,0.0820838138461113,44.185341005673166,1103.3606601284887,631.3660857434438,0.2190142571926117,0.796580833208463,72.97677947843728,58.08363848989651
turn_jump_270_001__A094,eval_subset,heldout,turn_jump_,,too_short,1.8333333333333333,0.7824444770812988,36.02112378009954,448.5291995865203,602.3811078027081,0.09639281034469604,0.7364716782702544,12.55668453498089,38.202696481552614
aiming2_subject2,lafan1_trainset,train,aiming2_subject,,too_long,305.73333333333335,1.5253677368164062,0.379567153660183,27.490913767748957,10.447649032407586,0.86183762550354,4.693386288212399,1.2589077792917747,0.4874479966283465
dance1_subject2,lafan1_trainset,train,dance1_subject,,too_long,131.5,1.136871099472046,0.7287596832985939,66.51517237658182,25.148292825659052,0.5462687015533447,1.8541890963626955,1.230625228971083,1.2576957603336922
dance2_subject2,lafan1_trainset,train,dance2_subject,,too_long,225.7,1.1567432880401611,0.6168147164791117,29.768606832350713,20.19471642600403,0.81716388463974,2.2228405907900872,1.2222879404084879,0.5073861792593665
fallAndGetUp2_subject2,lafan1_trainset,train,fallAndGetUp2_subject,,too_long,163.93333333333334,1.8508384227752686,0.5348336071173505,32.35153251322389,15.543198006638537,1.4670742750167847,5.102411706588599,1.660901915455211,0.5121751382147206
fight1_subject2,lafan1_trainset,train,fight1_subject,,too_long,244.9,1.5651099681854248,0.5438983659247074,31.92263932202941,18.055691832409426,1.2732898592948914,4.1341040173365124,1.376837129904382,0.6650389116134822
fight1_subject5,lafan1_trainset,train,fight1_subject,,too_long,244.9,1.4088302850723267,0.5851207718453525,27.836961033179406,19.223217605098977,1.088474154472351,3.5317587554848524,1.3151695725574035,0.6026996509670006
fightAndSports1_subject1,lafan1_trainset,train,fightAndSports1_subject,,too_long,245.16666666666666,1.3338286876678467,0.7005226579807489,32.8610432809657,24.684987926484002,0.8271670341491699,3.281241684978126,1.4299023472330428,0.6187456629726915
ground1_subject4,lafan1_trainset,train,ground1_subject,,too_long,158.06666666666666,1.019960641860962,0.4398207220962024,31.15512669612687,11.252366571667082,0.6910894811153412,2.5122995490613276,1.497452165712622,0.41547280037216705
ground2_subject3,lafan1_trainset,train,ground2_subject,,too_long,185.0,1.4472715854644775,0.6054286404640413,34.83580891814094,17.436277160801673,0.9548609852790833,2.4228138067781537,1.3852792341897955,0.5187353663533653
jumps1_subject1,lafan1_trainset,train,jumps1_subject,,too_long,244.46666666666667,0.996691107749939,0.895282324385714,48.04095514998507,31.17321766028501,0.6262007355690002,3.433396379063117,1.4885885991873937,0.7820051511798383
multipleActions1_subject2,lafan1_trainset,train,multipleActions1_subject,,too_long,152.9,1.5567412376403809,0.3990771071035207,37.31019142051924,11.10074062234433,1.0075896382331848,3.426253855075582,1.2973703069492006,0.6674082839761107
multipleActions1_subject3,lafan1_trainset,train,multipleActions1_subject,,too_long,152.9,1.5965397357940674,0.4573992096434637,29.20322084832997,12.641918769067013,0.8752121329307556,4.451155396585027,1.4774082134144317,0.4668292888664343
multipleActions1_subject4,lafan1_trainset,train,multipleActions1_subject,,too_long,152.9,1.3975095748901367,0.6784294223895923,486.60135277022005,19.467282858989147,0.919099748134613,34.366849589637546,1.5318200359361376,9.716233425780986
obstacles2_subject1,lafan1_trainset,train,obstacles2_subject,,too_long,244.1,1.388096570968628,0.6756325310449569,42.933822070759675,20.06767402490881,1.3455393314361572,3.7950388149733554,1.4042057050551657,0.6313369177160961
obstacles3_subject3,lafan1_trainset,train,obstacles3_subject,,too_long,131.1,1.3244024515151978,0.5577860526046362,31.057604401383763,18.306484527867976,0.8308166861534119,2.877993588208117,1.5390809026937948,0.43542924367068064
obstacles4_subject3,lafan1_trainset,train,obstacles4_subject,,too_long,246.7,1.5129897594451904,0.6872701029768478,29.786497659107933,22.482995966485014,1.2882589101791382,3.8780944608770014,1.5012882896951694,0.6211964955408772
obstacles6_subject5,lafan1_trainset,train,obstacles6_subject,,too_long,251.7,1.478888750076294,0.274983772604372,28.164502754827385,7.584463004438971,1.2290207743644714,2.9170241890906032,1.3721466023078388,0.4531739698022736
pushAndFall1_subject1,lafan1_trainset,train,pushAndFall1_subject,,too_long,165.3,1.1950777769088745,0.5577586710048639,29.776623766889017,16.285962465863726,0.8949390053749084,2.133246111429078,1.2671617172492822,0.542176493876043
pushAndFall1_subject4,lafan1_trainset,train,pushAndFall1_subject,,too_long,165.3,1.558401346206665,0.5806588289669824,32.47876613085652,16.48236486295884,0.8535248637199402,2.8996510049634363,1.5341860113683108,0.6501939837598476
pushAndStumble1_subject2,lafan1_trainset,train,pushAndStumble1_subject,,too_long,226.7,1.8698694705963135,0.42137652896656835,38.95221025165129,11.05386070170626,1.6097913980484009,4.2522882842068555,1.564868073821673,0.5559243612947588
run1_subject2,lafan1_trainset,train,run1_subject,,too_long,237.83333333333334,1.4652938842773438,0.5340584844433292,41.46960453630642,18.37017524642753,0.9013155102729797,4.6610812310401455,1.2862578479935458,0.6472726128285419
run2_subject4,lafan1_trainset,train,run2_subject,,too_long,244.83333333333334,1.2927086353302002,0.44067575961291977,37.816840712524765,13.696237629333552,0.6000261306762695,5.686782344924979,1.5271447585854858,0.5586088950830886
sprint1_subject2,lafan1_trainset,train,sprint1_subject,,too_long,273.1333333333333,1.6309130191802979,0.5738835340165455,993.2637779488635,16.638028349134405,1.344330906867981,173.55083425510614,1.7072470256836187,12.193436801567008
sprint1_subject4,lafan1_trainset,train,sprint1_subject,,too_long,273.1333333333333,0.7798649668693542,0.643538566388832,645.8972681503174,18.76511002392347,0.39067888259887695,67.79625014143063,1.649324838669967,7.910702611779384
