clip,source,split,duration_s,fail_s_base100k,fail_s_mixv3b_010000,fail_s_mixv3b_014000,fail_s_mixv3b_020000,n_runs_failed,fail_s_min,fail_s_median
dance1_subject1__w100s,lafan1_evalset,lafan_test,8.0,0.12,0.14,0.16,0.14,4,0.12,0.14
dance1_subject2__w067s,lafan1_trainset,lafan_train,8.0,0.2,0.2,0.2,0.12,4,0.12,0.2
fightAndSports1_subject1__w062s,lafan1_trainset,lafan_train,8.0,0.18,0.32,0.22,0.22,4,0.18,0.22
run1_subject2__w189s,lafan1_trainset,lafan_train,8.0,0.22,0.22,0.22,0.22,4,0.22,0.22
run1_subject5__w035s,lafan1_evalset,lafan_test,8.0,0.22,0.22,0.22,0.2,4,0.2,0.22
fight1_subject3__w148s,lafan1_evalset,lafan_test,8.0,0.22,0.22,0.26,0.26,4,0.22,0.24
multipleActions1_subject1__w124s,lafan1_evalset,lafan_test,8.0,0.24,0.24,0.26,0.26,4,0.24,0.25
jumps1_subject5__w004s,lafan1_evalset,lafan_test,8.0,0.3,0.28,0.26,0.28,4,0.26,0.28
jumps1_subject1__w050s,lafan1_trainset,lafan_train,8.0,0.3,0.3,0.32,0.3,4,0.3,0.3
jumps1_subject2__w169s,lafan1_evalset,lafan_test,8.0,0.32,0.32,0.34,0.34,4,0.32,0.33
multipleActions1_subject3__w036s,lafan1_trainset,lafan_train,8.0,0.38,0.36,0.4,0.36,4,0.36,0.37
dance2_subject1__w088s,lafan1_evalset,lafan_test,8.0,0.56,0.42,0.46,0.16,4,0.16,0.44
multipleActions1_subject4__w141s,lafan1_trainset,lafan_train,8.0,0.66,0.46,0.46,0.46,4,0.46,0.46
run2_subject4__w205s,lafan1_trainset,lafan_train,8.0,0.34,0.32,0.66,0.64,4,0.32,0.49
dance2_subject2__w057s,lafan1_trainset,lafan_train,8.0,0.7,0.68,0.7,2.29,4,0.68,0.7
fightAndSports1_subject4__w028s,lafan1_evalset,lafan_test,8.0,0.74,0.74,0.74,0.72,4,0.72,0.74
dance2_subject5__w110s,lafan1_evalset,lafan_test,8.0,1.16,1.16,1.16,1.2,4,1.16,1.16
dance2_subject4__w196s,lafan1_evalset,lafan_test,8.0,0.92,0.94,2.79,1.86,4,0.92,1.4
WEIZMANN__WEIZMANN__67__Normal_StraightLong(4)_stageii,amass_evalset,heldout,3.07,1.43,1.47,1.35,1.37,4,1.35,1.4
CMU__CMU__05__05_16_stageii,amass_evalset,heldout,4.4,1.41,1.61,1.41,1.37,4,1.37,1.41
CMU__CMU__87__87_01_stageii,amass_evalset,heldout,5.17,1.75,1.77,1.73,1.75,4,1.73,1.75
fight1_subject5__w222s,lafan1_trainset,lafan_train,8.0,1.9,1.72,2.43,1.86,4,1.72,1.88
dance1_subject3__w106s,lafan1_evalset,lafan_test,8.0,2.79,0.74,1.28,3.43,4,0.74,2.04
flip_090_003__A304_M,eval_subset,heldout,4.63,2.18,2.18,2.2,2.18,4,2.18,2.18
fight1_subject2__w219s,lafan1_trainset,lafan_train,8.0,2.09,2.65,2.67,0.2,4,0.2,2.37
flip_360_004__A415,eval_subset,heldout,6.2,2.37,2.37,2.37,2.37,4,2.37,2.37
dance2_subject3__w128s,lafan1_evalset,lafan_test,8.0,7.36,4.07,0.98,0.8,4,0.8,2.53
BMLmovi__BMLmovi__Subject_28_F_MoSh__Subject_28_F_21_poses,amass_evalset,heldout,9.53,2.69,2.67,2.67,2.71,4,2.67,2.68
run2_subject1__w147s,lafan1_evalset,lafan_test,8.0,2.87,2.83,2.83,2.83,4,2.83,2.83
multipleActions1_subject2__w009s,lafan1_trainset,lafan_train,8.0,ok,7.4,5.79,6.46,3,5.79,6.46
CMU__CMU__141__141_15_stageii,amass_evalset,heldout,19.43,ok,ok,ok,ok,0,,
DFaust__DFaust__50021__50021_knees_stageii,amass_evalset,heldout,5.57,ok,ok,ok,ok,0,,
KIT__KIT__200__Kniebeuge01_stageii,amass_evalset,heldout,7.5,ok,ok,ok,ok,0,,
KIT__KIT__348__walking_fast07_stageii,amass_evalset,heldout,4.13,ok,ok,ok,ok,0,,
Transitions__Transitions__mazen_c3d__punchkarate_stand_stageii,amass_evalset,heldout,5.9,ok,ok,ok,ok,0,,
