source,path,category,subject_id,n_frames,has_nan,foot_skate,ground_pen,float_gap,max_jerk,max_speed,bone_cv,mean_speed,static_flag,outlier_flag,qc_pass,fail_reasons
AMASS,../egodata/downloads/amass/extracted/TCDHands/TCDHands/ExperimentDatabase/typing_2_stageii.npz,Upper-Body Manipulation,TCDHands/TCDHands,382,0,0.0028034555376244014,0.001259984877576021,0.0010415743385725623,57.06137283882988,0.35588894567273516,2.2700051547243356e-16,0.016345769276009756,1,0,0,static
AMASS,../egodata/downloads/amass/extracted/TCDHands/TCDHands/ExperimentDatabase/OK_C_stageii.npz,Upper-Body Manipulation,TCDHands/TCDHands,126,0,0.005131384638026983,0.0004473095390106702,0.0019698545100867177,320.3557570669345,1.0390500368688738,3.6908408692940323e-16,0.041409710845692525,0,0,1,
AMASS,../egodata/downloads/amass/extracted/TCDHands/TCDHands/ExperimentDatabase/counting_1_stageii.npz,Upper-Body Manipulation,TCDHands/TCDHands,301,0,0.0011297498507202791,0.0010959546179735921,0.00041774829367108995,68.9332262627405,0.5482254389953866,2.656720498921983e-16,0.015459860592766897,1,0,0,static
AMASS,../egodata/downloads/amass/extracted/TCDHands/TCDHands/ExperimentDatabase/counting_3_stageii.npz,Upper-Body Manipulation,TCDHands/TCDHands,301,0,0.009302651953042796,0.001734633601354639,0.001670303635857344,591.2281580112697,0.5504894348013025,2.7241556370370797e-16,0.04162195628502482,0,0,1,
AMASS,../egodata/downloads/amass/extracted/TCDHands/TCDHands/ExperimentDatabase/flute_2_stageii.npz,Upper-Body Manipulation,TCDHands/TCDHands,301,0,0.0003141677123680783,2.4576173119471995e-05,0.00017659147485689017,4.4999466437316515,0.04130996360149325,2.824755799183832e-16,0.0028594971054284406,1,0,0,static
AMASS,../egodata/downloads/amass/extracted/TCDHands/TCDHands/ExperimentDatabase/grasp3tripod_1_stageii.npz,Upper-Body Manipulation,TCDHands/TCDHands,301,0,0.002200913899588589,0.0011429805825660597,0.0006738237001689754,201.15123198595484,0.5646411687989898,2.58349926919321e-16,0.01698944214275568,1,0,0,static
AMASS,../egodata/downloads/amass/extracted/TCDHands/TCDHands/ExperimentDatabase/Flute05_A_stageii.npz,Upper-Body Manipulation,TCDHands/TCDHands,376,0,0.0025676855145293797,0.0004988199250673848,0.0011600353387944094,77.77298274475282,0.1374224588286592,2.4029664768676927e-16,0.006176124509832804,1,0,0,static
AMASS,../egodata/downloads/amass/extracted/TCDHands/TCDHands/ExperimentDatabase/SignB_stageii.npz,Upper-Body Manipulation,TCDHands/TCDHands,301,0,0.002072616296966057,0.0008164743744721453,0.001004584564224812,106.83220423709449,1.0535772424035608,2.724465710892925e-16,0.043472775460416446,0,0,1,
AMASS,../egodata/downloads/amass/extracted/TCDHands/TCDHands/ExperimentDatabase/Flute05_stageii.npz,Upper-Body Manipulation,TCDHands/TCDHands,901,0,0.0028724759245307317,0.0006350531261814715,0.0011190410008544774,112.78640920662869,0.20404463461297576,2.235936266363767e-16,0.006456615805222084,1,0,0,static
AMASS,../egodata/downloads/amass/extracted/TCDHands/TCDHands/ExperimentDatabase/SignA_stageii.npz,Upper-Body Manipulation,TCDHands/TCDHands,301,0,0.0026357073179388273,0.001208561416302819,0.0011635469650252105,195.21134562017917,1.1840300198386737,2.72104086919694e-16,0.04600974904729375,0,0,1,
AMASS,../egodata/downloads/amass/extracted/TCDHands/TCDHands/ExperimentDatabase/flute_1_stageii.npz,Upper-Body Manipulation,TCDHands/TCDHands,301,0,0.00028910202882398786,2.559099148416455e-05,0.00017007086773923596,3.5938331454629795,0.03679128914715643,2.784552511771686e-16,0.0022446293638030963,1,0,0,static
AMASS,../egodata/downloads/amass/extracted/TCDHands/TCDHands/ExperimentDatabase/direction01_2_stageii.npz,Upper-Body Manipulation,TCDHands/TCDHands,301,0,0.0011973667498287642,6.965612516315889e-05,0.00020041966327197236,10.991908882301857,0.5932384005636507,2.881203786462257e-16,0.015075149125883343,1,0,0,static
AMASS,../egodata/downloads/amass/extracted/TCDHands/TCDHands/ExperimentDatabase/OK_A_stageii.npz,Upper-Body Manipulation,TCDHands/TCDHands,151,0,0.0016753582755565256,9.396731762739176e-05,0.00035861705799276195,37.8735177957155,1.1840300198386737,2.8580945508383817e-16,0.03390144822822512,0,0,1,
AMASS,../egodata/downloads/amass/extracted/TCDHands/TCDHands/ExperimentDatabase/Talking02_stageii.npz,Upper-Body Manipulation,TCDHands/TCDHands,1801,0,0.0027162003711286914,0.001081799792594461,0.0013226000717768164,29.892014851959498,0.6303254930254161,2.452717309679715e-16,0.02218561622799801,0,0,1,
AMASS,../egodata/downloads/amass/extracted/TCDHands/TCDHands/ExperimentDatabase/pointing_1_stageii.npz,Upper-Body Manipulation,TCDHands/TCDHands,301,0,0.0032414904500139632,0.0029147249339251217,0.0017415123148186336,139.5024361128961,0.9305599352466766,2.523589734260016e-16,0.053860046584234364,0,0,1,
AMASS,../egodata/downloads/amass/extracted/TCDHands/TCDHands/ExperimentDatabase/ObjectA_stageii.npz,Upper-Body Manipulation,TCDHands/TCDHands,301,0,0.0009674460511547103,0.00015783919560937235,0.0005548627107999256,18.60301189020105,0.4760194371458547,2.678705139540724e-16,0.01204915628615398,1,0,0,static
AMASS,../egodata/downloads/amass/extracted/TCDHands/TCDHands/ExperimentDatabase/graspLumbrical001_1_stageii.npz,Upper-Body Manipulation,TCDHands/TCDHands,301,0,0.0009457436416015556,0.0006975688302094628,0.00020113995231858459,6.6325879273877275,0.4017775005900735,2.7482459789296485e-16,0.01029923576933667,1,0,0,static
AMASS,../egodata/downloads/amass/extracted/TCDHands/TCDHands/ExperimentDatabase/typing_1_stageii.npz,Upper-Body Manipulation,TCDHands/TCDHands,301,0,0.00215598379330404,0.00019278440153438353,0.0006183394737606998,31.384403604009048,0.2802023595510093,2.7973071312834465e-16,0.01484456895462541,1,0,0,static
AMASS,../egodata/downloads/amass/extracted/TCDHands/TCDHands/ExperimentDatabase/Typing01_A_stageii.npz,Upper-Body Manipulation,TCDHands/TCDHands,376,0,0.0011984021026654667,0.0001385994878973472,0.0006008531049629465,9.154861712713346,0.09753682113507431,2.4969461028654157e-16,0.0071198881651706345,1,0,0,static
AMASS,../egodata/downloads/amass/extracted/TCDHands/TCDHands/ExperimentDatabase/direction01_3_stageii.npz,Upper-Body Manipulation,TCDHands/TCDHands,301,0,0.0018124983733790391,0.0001811393537992853,0.0003478009395075435,16.66893452144106,0.784684230355631,2.7995384810206815e-16,0.028921448552072425,0,0,1,
AMASS,../egodata/downloads/amass/extracted/TCDHands/TCDHands/ExperimentDatabase/counting_2_stageii.npz,Upper-Body Manipulation,TCDHands/TCDHands,301,0,0.0015385298886993644,0.0002808736980876858,0.0006685534833493489,111.15932883456136,0.6443473190092613,2.728158842208324e-16,0.021573995813034857,0,0,1,
AMASS,../egodata/downloads/amass/extracted/TCDHands/TCDHands/ExperimentDatabase/TalkingD_stageii.npz,Upper-Body Manipulation,TCDHands/TCDHands,301,0,0.0031397701594184403,0.0004021345167741358,0.0016859531873920502,148.28963683046098,0.6303258948539017,2.742733022159134e-16,0.03459371923597575,0,0,1,
AMASS,../egodata/downloads/amass/extracted/TCDHands/TCDHands/ExperimentDatabase/DirectionB_stageii.npz,Upper-Body Manipulation,TCDHands/TCDHands,301,0,0.0019654871742618937,0.0001978600497190043,0.0003640038975973696,27.67380949063458,0.8030204830671487,2.740803211699001e-16,0.029267265846171883,0,0,1,
AMASS,../egodata/downloads/amass/extracted/TCDHands/TCDHands/ExperimentDatabase/direction01_1_stageii.npz,Upper-Body Manipulation,TCDHands/TCDHands,301,0,0.0011686615447168377,0.00039480584154101203,0.0003616277135854058,7.8372397347329805,0.6886065695462465,2.895468734121404e-16,0.015151135569045005,1,0,0,static
AMASS,../egodata/downloads/amass/extracted/TCDHands/TCDHands/ExperimentDatabase/direction02_1_stageii.npz,Upper-Body Manipulation,TCDHands/TCDHands,301,0,0.0018832326935831038,0.0008878259068295404,0.000731747069529106,50.23931790689287,0.6181067688281664,2.693329276043279e-16,0.025290196592833113,0,0,1,
AMASS,../egodata/downloads/amass/extracted/TCDHands/TCDHands/ExperimentDatabase/Typing01_B_stageii.npz,Upper-Body Manipulation,TCDHands/TCDHands,376,0,0.0015255106890855845,0.0004824294849120857,0.00036111483560555616,15.896702558962346,0.25105320436333384,2.5086664045274466e-16,0.011603553351978472,1,0,0,static
AMASS,../egodata/downloads/amass/extracted/TCDHands/TCDHands/ExperimentDatabase/V_stageii.npz,Upper-Body Manipulation,TCDHands/TCDHands,991,0,0.0016089500634767738,0.00033636903586737113,0.0006124694935178421,31.651113292230594,1.1600003992389187,2.7369505320756977e-16,0.03239992726263153,0,0,1,
AMASS,../egodata/downloads/amass/extracted/TCDHands/TCDHands/ExperimentDatabase/SignD_stageii.npz,Upper-Body Manipulation,TCDHands/TCDHands,301,0,0.0012599714091424965,6.529216813744645e-05,0.0003059501011967482,21.90264873421978,1.031884225511925,2.6639327448144724e-16,0.02518799345480306,0,0,1,
AMASS,../egodata/downloads/amass/extracted/TCDHands/TCDHands/ExperimentDatabase/WritingA_stageii.npz,Upper-Body Manipulation,TCDHands/TCDHands,301,0,0.0038676433623071943,0.0008234188106526208,0.0005266058814309416,24.84569861373199,0.7815576138638253,2.558624558054733e-16,0.027065930217396478,0,0,1,
AMASS,../egodata/downloads/amass/extracted/TCDHands/TCDHands/ExperimentDatabase/BottleA_stageii.npz,Upper-Body Manipulation,TCDHands/TCDHands,301,0,0.0005073570067564964,0.0001067305325366738,0.00028557104974154257,12.870662328878009,0.1791483696589548,2.5212773065101203e-16,0.005330354684287873,1,0,0,static
AMASS,../egodata/downloads/amass/extracted/TCDHands/TCDHands/ExperimentDatabase/TalkingC_stageii.npz,Upper-Body Manipulation,TCDHands/TCDHands,301,0,0.0026713338229637828,0.00029854858375013074,0.0008669449428171383,19.257354372419776,0.3790859742879265,2.719269931397639e-16,0.01994581246070806,1,0,0,static
AMASS,../egodata/downloads/amass/extracted/TCDHands/TCDHands/ExperimentDatabase/TalkingA_stageii.npz,Upper-Body Manipulation,TCDHands/TCDHands,301,0,0.0032121679388998564,0.00013764770989645615,0.0016493909628414799,13.678771253776992,0.49511296387117776,2.669898977764187e-16,0.01858554105831014,1,0,0,static
AMASS,../egodata/downloads/amass/extracted/TCDHands/TCDHands/ExperimentDatabase/direction02_stageii.npz,Upper-Body Manipulation,TCDHands/TCDHands,1038,0,0.0016740838336580933,0.0007041026880358936,0.0008062493511797122,65.84822822627712,0.7900488143464692,2.4920113672424723e-16,0.017419912508974636,1,0,0,static
AMASS,../egodata/downloads/amass/extracted/TCDHands/TCDHands/ExperimentDatabase/TypingA_stageii.npz,Upper-Body Manipulation,TCDHands/TCDHands,301,0,0.002664251963936676,0.0001793348305462114,0.0007324727741277529,39.335009120289094,0.2749538629227398,2.6952178131451764e-16,0.014840281626579183,1,0,0,static
AMASS,../egodata/downloads/amass/extracted/TCDHands/TCDHands/ExperimentDatabase/Waving_stageii.npz,Upper-Body Manipulation,TCDHands/TCDHands,1073,0,0.002570465220454062,0.0006411645531545074,0.000981431925809878,88.87296310089916,1.4462378483507319,2.466592173352953e-16,0.07449659954853288,0,0,1,
AMASS,../egodata/downloads/amass/extracted/TCDHands/TCDHands/ExperimentDatabase/ObjectB_stageii.npz,Upper-Body Manipulation,TCDHands/TCDHands,301,0,0.002409305492294422,0.00018286013751031213,0.0013031082152888153,44.815198084723825,1.0279522921599702,2.7084087615116413e-16,0.057186549982975045,0,0,1,
AMASS,../egodata/downloads/amass/extracted/TCDHands/TCDHands/ExperimentDatabase/direction01_stageii.npz,Upper-Body Manipulation,TCDHands/TCDHands,1374,0,0.002158078066408015,0.0010013654600676005,0.0020947705543297966,25.700802135866297,0.850948884983717,2.5018760265006236e-16,0.018387810534471475,1,0,0,static
AMASS,../egodata/downloads/amass/extracted/TCDHands/TCDHands/ExperimentDatabase/writing001_1_stageii.npz,Upper-Body Manipulation,TCDHands/TCDHands,301,0,0.0030838301509895335,0.00045029082036108364,0.00043993430195756605,16.271313199210308,0.5032818395253199,2.7885813300424867e-16,0.02020257139070345,0,0,1,
AMASS,../egodata/downloads/amass/extracted/TCDHands/TCDHands/ExperimentDatabase/TalkingB_stageii.npz,Upper-Body Manipulation,TCDHands/TCDHands,301,0,0.0030002255167401837,0.00025522029679617315,0.0013934210848999904,14.064262188058244,0.44953510782999845,2.763729474671288e-16,0.016052292804479618,1,0,0,static
AMASS,../egodata/downloads/amass/extracted/TCDHands/TCDHands/ExperimentDatabase/TalkingE_stageii.npz,Upper-Body Manipulation,TCDHands/TCDHands,301,0,0.0029329901849741245,0.001438486346054332,0.003992963598385477,94.26100470865617,0.4488792192372549,2.7362677810982104e-16,0.022934950416018327,0,0,1,
AMASS,../egodata/downloads/amass/extracted/TCDHands/TCDHands/ExperimentDatabase/Run02_stageii.npz,Basic Locomotion,TCDHands/TCDHands,301,0,0.16677277164942386,0.0018759430011224473,0.011270085058071165,204.7120212757096,0.6577851701783564,2.841650342110089e-16,0.19076785306735236,0,0,1,
AMASS,../egodata/downloads/amass/extracted/TCDHands/TCDHands/ExperimentDatabase/Walking02_A_stageii.npz,Basic Locomotion,TCDHands/TCDHands,301,0,0.03281975385232819,0.0018902321819978044,0.003997852686772434,48.30030671276105,0.4840766625994061,3.143001795434547e-16,0.07676949122846546,0,0,1,
AMASS,../egodata/downloads/amass/extracted/TCDHands/TCDHands/ExperimentDatabase/Flute_stageii.npz,Upper-Body Manipulation,TCDHands/TCDHands,1585,0,0.0019622265801778715,0.0006437036713886538,0.0015180628263415444,120.61754477826314,0.46475177627550057,2.1183716670176018e-16,0.004719672925785882,1,0,0,static
AMASS,../egodata/downloads/amass/extracted/TCDHands/TCDHands/ExperimentDatabase/FingerTP_stageii.npz,Upper-Body Manipulation,TCDHands/TCDHands,1224,0,0.0008485821906698223,0.00043154837532679397,0.0008392776780321663,6.123768269774554,0.07413444300329643,2.269492524086966e-16,0.0035890327020438157,1,0,0,static
AMASS,../egodata/downloads/amass/extracted/TCDHands/TCDHands/ExperimentDatabase/SignC_stageii.npz,Upper-Body Manipulation,TCDHands/TCDHands,301,0,0.0016734641430640048,0.0005325873364320222,0.0004913261808262327,43.32081999968182,0.9308035186972957,2.7318932012422383e-16,0.03807822972431323,0,0,1,
AMASS,../egodata/downloads/amass/extracted/TCDHands/TCDHands/ExperimentDatabase/OK_D_stageii.npz,Upper-Body Manipulation,TCDHands/TCDHands,113,0,0.001738559971987465,8.075171561937947e-05,0.0003320552233818906,59.238966479784494,0.7809738681006074,2.3604879836313727e-16,0.027281652844771465,0,0,1,
AMASS,../egodata/downloads/amass/extracted/TCDHands/TCDHands/ExperimentDatabase/Talking01A_stageii.npz,Upper-Body Manipulation,TCDHands/TCDHands,313,0,0.0019168431523867522,0.0032644308442938445,0.0015022610374912683,21.723531028609372,0.4865140430712329,2.568386771812313e-16,0.028349382741474458,0,0,1,
AMASS,../egodata/downloads/amass/extracted/TCDHands/TCDHands/ExperimentDatabase/DirectionA_stageii.npz,Upper-Body Manipulation,TCDHands/TCDHands,301,0,0.0018006665793538412,0.0008354078452190751,0.000480952889131369,70.01776189103094,0.7180328497516668,2.612176415815487e-16,0.023896283211412298,0,0,1,
AMASS,../egodata/downloads/amass/extracted/TCDHands/TCDHands/ExperimentDatabase/flute_3_stageii.npz,Upper-Body Manipulation,TCDHands/TCDHands,301,0,0.0003006671074886797,6.621413328446006e-05,0.0002922503042369958,4.907477873640492,0.04349719558293059,2.720995664281764e-16,0.003009209195660878,1,0,0,static
AMASS,../egodata/downloads/amass/extracted/TCDHands/TCDHands/ExperimentDatabase/graspSphere_B_stageii.npz,Upper-Body Manipulation,TCDHands/TCDHands,301,0,0.007485390494776696,0.0006835038471278525,0.0009089078729040724,395.258556010661,1.3021870269323481,2.637999524719852e-16,0.11350013055839478,0,0,1,
AMASS,../egodata/downloads/amass/extracted/TCDHands/TCDHands/ExperimentDatabase/OK_E_stageii.npz,Upper-Body Manipulation,TCDHands/TCDHands,263,0,0.0021779557390184793,0.0007088992277330542,0.0008154232612333327,128.77988460712004,1.0923493211096411,2.406191036677807e-16,0.05294298394475675,0,0,1,
AMASS,../egodata/downloads/amass/extracted/TCDHands/TCDHands/ExperimentDatabase/OK_B_stageii.npz,Upper-Body Manipulation,TCDHands/TCDHands,176,0,0.0031999599179806755,0.0008759968423619454,0.0010695127160263909,231.12559773249856,0.9500457383988838,2.429350061161703e-16,0.050843485808860785,0,0,1,
AMASS,../egodata/downloads/amass/extracted/TCDHands/TCDHands/ExperimentDatabase/graspLumbricalB_cl_stageii.npz,Upper-Body Manipulation,TCDHands/TCDHands,301,0,0.0022196556841001924,0.0002997244466589888,0.0038346217830681067,11.83924476439909,0.43913676527020945,2.763260130337604e-16,0.02891554890884545,0,0,1,
AMASS,../egodata/downloads/amass/extracted/TCDHands/TCDHands/ExperimentDatabase/TPoseFingers_stageii.npz,Upper-Body Manipulation,TCDHands/TCDHands,1797,0,0.0005574455972342136,0.0001903832883857731,0.0004021640103415748,10.073883448671213,0.16789607792906788,2.661657058182487e-16,0.0034392465049278755,1,0,0,static
AMASS,../egodata/downloads/amass/extracted/TCDHands/TCDHands/ExperimentDatabase/graspSphere_stageii.npz,Upper-Body Manipulation,TCDHands/TCDHands,2211,0,0.003053104106895688,0.002375823841527412,0.0017300056943263947,186.88678018811038,1.3236055453252784,2.352450984454038e-16,0.05326772159666144,0,0,1,
AMASS,../egodata/downloads/amass/extracted/TCDHands/TCDHands/ExperimentDatabase/writing001_stageii.npz,Upper-Body Manipulation,TCDHands/TCDHands,1105,0,0.0032590051023404327,0.0032008862461348118,0.0009238251500262203,25.633693349579026,0.9934985211014122,2.349044441151802e-16,0.02783615413870126,0,0,1,
AMASS,../egodata/downloads/amass/extracted/TCDHands/TCDHands/ExperimentDatabase/BottleB_stageii.npz,Upper-Body Manipulation,TCDHands/TCDHands,301,0,0.003981667048248451,0.000277232401601709,0.0016262075758030105,274.97606956836773,0.7265063899649752,2.7814331404330915e-16,0.022255614256529714,0,0,1,
AMASS,../egodata/downloads/amass/extracted/TCDHands/TCDHands/ExperimentDatabase/Talking01B_stageii.npz,Upper-Body Manipulation,TCDHands/TCDHands,358,0,0.0026183327437425416,0.001921124495123401,0.004029586555346385,69.16438434632279,0.44211383324679104,2.2974908237247615e-16,0.020769056751033865,0,0,1,
AMASS,../egodata/downloads/amass/extracted/TCDHands/TCDHands/ExperimentDatabase/grasp2Pinch_1_stageii.npz,Upper-Body Manipulation,TCDHands/TCDHands,301,0,0.0016512322664829727,0.0009302654084399516,0.001533852130942575,227.3977589484104,0.5489206284530995,2.713287808340865e-16,0.009732196037314516,1,0,0,static
AMASS,../egodata/downloads/amass/extracted/TCDHands/TCDHands/ExperimentDatabase/direction02_2_stageii.npz,Upper-Body Manipulation,TCDHands/TCDHands,301,0,0.0017792820537163314,0.0002601199945062721,0.0007948625512422813,170.89901079308098,0.6541063384945308,2.68518784499282e-16,0.018306288895376475,1,0,0,static
AMASS,../egodata/downloads/amass/extracted/TCDHands/TCDHands/ExperimentDatabase/writing001_2_stageii.npz,Upper-Body Manipulation,TCDHands/TCDHands,301,0,0.004198110399538038,0.00047739870587214933,0.0007226615033609565,21.86311579961338,0.7824223122681138,2.7907747817529693e-16,0.028615219511729826,0,0,1,
AMASS,../egodata/downloads/amass/extracted/TCDHands/TCDHands/ExperimentDatabase/Walking02_B_stageii.npz,Upper-Body Manipulation,TCDHands/TCDHands,301,0,0.044882319573031806,0.0015943997971467547,0.004535083146394267,130.7176297641766,0.5774919857662062,3.090005614283549e-16,0.10018542320960311,0,0,1,
AMASS,../egodata/downloads/amass/extracted/DFaust/DFaust/50020/50020_running_on_spot_stageii.npz,Agility / High-Dynamic,DFaust/DFaust,124,0,0.4443990284413122,0.00857594355209732,0.01429563999696648,3508.058562882344,6.7545265384622395,2.7042134538219386e-16,1.170689573482726,0,1,1,
AMASS,../egodata/downloads/amass/extracted/DFaust/DFaust/50020/50020_jiggle_on_toes_stageii.npz,Agility / High-Dynamic,DFaust/DFaust,101,0,0.22337990446430522,0.002495694780901281,0.011222619172610915,775.3662742230625,4.423259132276059,2.578828100517353e-16,0.5001082660524462,0,0,1,
AMASS,../egodata/downloads/amass/extracted/DFaust/DFaust/50020/50020_one_leg_jump_stageii.npz,Agility / High-Dynamic,DFaust/DFaust,125,0,0.2526920080265479,0.0031735009756353218,0.017129848807152626,686.1096894215405,2.590327288177434,3.188450907031265e-16,0.6145223832278401,0,0,1,
AMASS,../egodata/downloads/amass/extracted/DFaust/DFaust/50020/50020_punching_stageii.npz,Upper-Body Manipulation,DFaust/DFaust,102,0,0.09012198833596796,0.0017466646288632126,0.0031393450377067422,1745.2116198025537,6.527852152214658,2.492539289738899e-16,0.4815670583398031,0,0,1,
AMASS,../egodata/downloads/amass/extracted/DFaust/DFaust/50020/50020_knees_stageii.npz,Basic Locomotion,DFaust/DFaust,258,0,0.07487213472902142,0.00110551271335093,0.007544813260631222,286.9142478897557,3.1856818474533752,2.1971166011313064e-16,0.2407292828145729,0,0,1,
AMASS,../egodata/downloads/amass/extracted/DFaust/DFaust/50020/50020_hips_stageii.npz,Upper-Body Manipulation,DFaust/DFaust,166,0,0.04408191997440511,0.0008594333686730681,0.004820357734572012,225.0235621074209,0.6048217163999502,2.148374847033648e-16,0.19192709915013673,0,0,1,
AMASS,../egodata/downloads/amass/extracted/DFaust/DFaust/50020/50020_chicken_wings_stageii.npz,Upper-Body Manipulation,DFaust/DFaust,71,0,0.0518766770926236,0.0013691821532281878,0.003492108628541213,1468.4601796908553,3.4934323070579683,4.540491546579002e-16,0.40200500206931594,0,0,1,
AMASS,../egodata/downloads/amass/extracted/DFaust/DFaust/50020/50020_light_hopping_stiff_stageii.npz,Basic Locomotion,DFaust/DFaust,90,0,0.1134559059218422,0.0023446059031802524,0.008195294419796606,410.4630525029056,0.956028053579375,1.9052873044537498e-16,0.31967291298097916,0,0,1,
AMASS,../egodata/downloads/amass/extracted/DFaust/DFaust/50020/50020_shake_shoulders_stageii.npz,Upper-Body Manipulation,DFaust/DFaust,72,0,0.143904154441163,0.0018944582549975952,0.0037907038992686104,505.3209652759653,1.3009317591505898,2.1169349105682567e-16,0.23556957118235242,0,1,1,
AMASS,../egodata/downloads/amass/extracted/DFaust/DFaust/50020/50020_shake_arms_stageii.npz,Agility / High-Dynamic,DFaust/DFaust,87,0,0.058590107380376136,0.0018923881801545738,0.005501080678721237,3304.5565949900524,6.648245968277487,4.1880702614202697e-16,0.6594743474263226,0,0,1,
AMASS,../egodata/downloads/amass/extracted/DFaust/DFaust/50020/50020_one_leg_loose_stageii.npz,Agility / High-Dynamic,DFaust/DFaust,83,0,0.23539380784392508,0.0036202419955137155,0.009824207535988339,650.7644967971677,2.0809847607753826,2.256007239042073e-16,0.51459313836723,0,0,1,
AMASS,../egodata/downloads/amass/extracted/DFaust/DFaust/50020/50020_shake_hips_stageii.npz,Upper-Body Manipulation,DFaust/DFaust,116,0,0.2934080568003692,0.0024336806784010625,0.007092140655015955,748.0744589960725,3.1727282637721608,2.0416064277466256e-16,0.35663876915404424,0,1,1,
AMASS,../egodata/downloads/amass/extracted/DFaust/DFaust/50020/50020_light_hopping_loose_stageii.npz,Agility / High-Dynamic,DFaust/DFaust,87,0,0.16324619680611951,0.0017695536722514271,0.010605207102592606,563.774679922101,1.7107119498772603,4.0058339433092454e-16,0.5797411806898103,0,0,1,
AMASS,../egodata/downloads/amass/extracted/DFaust/DFaust/50025/50025_chicken_wings_stageii.npz,Upper-Body Manipulation,DFaust/DFaust,105,0,0.047096533122971074,0.0013728492146076032,0.0035857479671486114,1444.1393383024551,3.5934631218612654,2.2412719035979366e-16,0.3397672405688084,0,0,1,
AMASS,../egodata/downloads/amass/extracted/DFaust/DFaust/50025/50025_running_on_spot_stageii.npz,Agility / High-Dynamic,DFaust/DFaust,166,0,0.6201125232885352,0.009711498421366222,0.017472132605392987,1670.5061511962401,5.743813471669395,2.1768349385049618e-16,1.1543838492535892,0,0,1,
AMASS,../egodata/downloads/amass/extracted/DFaust/DFaust/50025/50025_shake_hips_stageii.npz,Agility / High-Dynamic,DFaust/DFaust,98,0,0.2460909206561151,0.0043476811217493284,0.004146809409969199,1138.3386908698199,3.9924419207918573,1.9693154284587115e-16,0.5159357989069929,0,0,1,
AMASS,../egodata/downloads/amass/extracted/DFaust/DFaust/50025/50025_one_leg_loose_stageii.npz,Basic Locomotion,DFaust/DFaust,123,0,0.1762122550810536,0.003468555913671152,0.014396467886505948,491.16116373186196,2.494828575132665,2.6900199613257413e-16,0.5197413874311448,0,0,1,
AMASS,../egodata/downloads/amass/extracted/DFaust/DFaust/50025/50025_light_hopping_stiff_stageii.npz,Agility / High-Dynamic,DFaust/DFaust,95,0,0.24054243671770598,0.0030302283270249217,0.019313302683690248,852.0287703807843,1.5932270738936227,3.2575138967483663e-16,0.6280209729020013,0,0,1,
AMASS,../egodata/downloads/amass/extracted/DFaust/DFaust/50025/50025_hips_stageii.npz,Upper-Body Manipulation,DFaust/DFaust,446,0,0.027805142950781823,0.0012512942286614648,0.004742059482827188,100.86343156183857,0.4353744779508817,1.8821495689145904e-16,0.09855179492984331,0,0,1,
AMASS,../egodata/downloads/amass/extracted/DFaust/DFaust/50025/50025_jiggle_on_toes_stageii.npz,Basic Locomotion,DFaust/DFaust,116,0,0.13052427249435594,0.003071162034231828,0.007613119906432597,579.8230222083121,3.2417735597398,2.370758519245748e-16,0.3906516253414367,0,0,1,
AMASS,../egodata/downloads/amass/extracted/DFaust/DFaust/50025/50025_one_leg_jump_stageii.npz,Agility / High-Dynamic,DFaust/DFaust,164,0,0.22497754748746496,0.005864992285685781,0.024531372688209596,693.4653700514134,2.0034353867079675,2.4406137903182057e-16,0.6506648507413814,0,0,1,
AMASS,../egodata/downloads/amass/extracted/DFaust/DFaust/50025/50025_shake_arms_stageii.npz,Agility / High-Dynamic,DFaust/DFaust,100,0,0.03635939840252986,0.0032955559356641208,0.002029874637556661,2305.8303891991845,4.820341273281895,2.572249617641986e-16,0.4901376671735422,0,0,1,
AMASS,../egodata/downloads/amass/extracted/DFaust/DFaust/50025/50025_shake_shoulders_stageii.npz,Upper-Body Manipulation,DFaust/DFaust,118,0,0.1064612856369073,0.0018886969779611995,0.002554248559911265,585.0479244240435,1.5703660841404465,2.4463755683529507e-16,0.263788057029156,0,1,1,
AMASS,../egodata/downloads/amass/extracted/DFaust/DFaust/50025/50025_punching_stageii.npz,Upper-Body Manipulation,DFaust/DFaust,100,0,0.06694548803918088,0.001253760586309235,0.0047124843402494565,1765.706252912751,6.8583087225347406,2.3433009491933206e-16,0.35555679142982183,0,0,1,
AMASS,../egodata/downloads/amass/extracted/DFaust/DFaust/50025/50025_light_hopping_loose_stageii.npz,Agility / High-Dynamic,DFaust/DFaust,110,0,0.26946515439209295,0.0036416329541158177,0.020058118090052368,815.538561275605,1.955757392631867,2.441806192199384e-16,0.7505674423367369,0,0,1,
AMASS,../egodata/downloads/amass/extracted/DFaust/DFaust/50025/50025_knees_stageii.npz,Basic Locomotion,DFaust/DFaust,626,0,0.10583577752992374,0.001214277970073424,0.009027668081460438,529.7601164873265,7.861936301097897,2.376591028562928e-16,0.13425819757459326,0,0,1,
AMASS,../egodata/downloads/amass/extracted/DFaust/DFaust/50009/50009_jiggle_on_toes_stageii.npz,Upper-Body Manipulation,DFaust/DFaust,123,0,0.07189077049406692,0.011842842257551082,0.00720458493585141,543.030306682807,2.320838418982113,3.0257790822204045e-16,0.3271356470489112,0,0,1,
AMASS,../egodata/downloads/amass/extracted/DFaust/DFaust/50009/50009_shake_hips_stageii.npz,Upper-Body Manipulation,DFaust/DFaust,126,0,0.17963079198904566,0.0033070976881239555,0.004307878943865473,490.84077559489975,3.649928354589262,3.444960871127544e-16,0.34058385444128425,0,1,1,
AMASS,../egodata/downloads/amass/extracted/DFaust/DFaust/50009/50009_chicken_wings_stageii.npz,Agility / High-Dynamic,DFaust/DFaust,106,0,0.040902724729349436,0.003837581294020337,0.004234033556004713,2709.0864325439297,5.032665122990315,2.319624836858075e-16,0.4805444986484272,0,0,1,
AMASS,../egodata/downloads/amass/extracted/DFaust/DFaust/50009/50009_light_hopping_loose_stageii.npz,Agility / High-Dynamic,DFaust/DFaust,117,0,0.11548509883768543,0.005360288796114769,0.017542499072926487,664.9089690783898,1.4411890375452032,2.357719417966715e-16,0.47110994581989835,0,0,1,
AMASS,../egodata/downloads/amass/extracted/DFaust/DFaust/50009/50009_punching_stageii.npz,Upper-Body Manipulation,DFaust/DFaust,100,0,0.07421723107191652,0.0029404943306609466,0.007406631809393771,1894.5477528243114,6.3576894918443445,2.0994392866450483e-16,0.35868292544436675,0,1,1,
AMASS,../egodata/downloads/amass/extracted/DFaust/DFaust/50009/50009_running_on_spot_stageii.npz,Agility / High-Dynamic,DFaust/DFaust,149,0,0.376247181835291,0.007946907247229849,0.016166992273512037,3984.7996351703246,8.627700095967935,3.1643170905009963e-16,0.925753963733092,0,1,1,
AMASS,../egodata/downloads/amass/extracted/DFaust/DFaust/50009/50009_one_leg_loose_stageii.npz,Basic Locomotion,DFaust/DFaust,90,0,0.16525634441293868,0.005082714261641689,0.012139817122075125,609.2479264717623,1.737108493845108,2.2867358052646947e-16,0.44973465841776167,0,0,1,
AMASS,../egodata/downloads/amass/extracted/DFaust/DFaust/50009/50009_hips_stageii.npz,Upper-Body Manipulation,DFaust/DFaust,275,0,0.022831521503515466,0.006737815654003696,0.0056541498366763365,113.27745278664617,0.5939936569806836,2.147129810423543e-16,0.15096932974193045,0,0,1,
AMASS,../egodata/downloads/amass/extracted/DFaust/DFaust/50009/50009_jumping_jacks_stageii.npz,Agility / High-Dynamic,DFaust/DFaust,95,0,0.47413503139085295,0.00945457387620428,0.019066145677517854,1369.9282127427748,5.445623518097284,3.368495645400194e-16,0.957249336562888,0,0,1,
AMASS,../egodata/downloads/amass/extracted/DFaust/DFaust/50009/50009_light_hopping_stiff_stageii.npz,Basic Locomotion,DFaust/DFaust,127,0,0.11207099486511668,0.0034828271672753554,0.015014406839797934,375.0171601035836,0.9237412726419247,4.026963763198923e-16,0.39872884518141644,0,0,1,
AMASS,../egodata/downloads/amass/extracted/DFaust/DFaust/50009/50009_one_leg_jump_stageii.npz,Agility / High-Dynamic,DFaust/DFaust,115,0,0.14958650045790114,0.0047149757605850565,0.018963418180359626,786.4550609124188,3.6291308917807577,2.3311160014209136e-16,0.769655023437589,0,0,1,
AMASS,../egodata/downloads/amass/extracted/DFaust/DFaust/50002/50002_running_on_spot_stageii.npz,Agility / High-Dynamic,DFaust/DFaust,166,0,0.43856894398675395,0.005587797298725816,0.014609654576804743,1176.5066844709381,3.7418892831399355,2.1220958713239242e-16,0.6589020380475,0,0,1,
AMASS,../egodata/downloads/amass/extracted/DFaust/DFaust/50002/50002_shake_shoulders_stageii.npz,Upper-Body Manipulation,DFaust/DFaust,128,0,0.05466698255429874,0.0009972249631158324,0.0032914748910102265,288.4998109184933,1.9847166728918733,2.392873081234658e-16,0.19817851797192423,0,0,1,
AMASS,../egodata/downloads/amass/extracted/DFaust/DFaust/50002/50002_shake_arms_stageii.npz,Upper-Body Manipulation,DFaust/DFaust,115,0,0.027845386501023858,0.001267348608768657,0.003984472931687244,378.13387112292486,2.3905485139070586,2.0324922614217434e-16,0.244760713852865,0,0,1,
AMASS,../egodata/downloads/amass/extracted/DFaust/DFaust/50002/50002_punching_stageii.npz,Upper-Body Manipulation,DFaust/DFaust,152,0,0.07771613275387876,0.0015554215618634015,0.003667700723654299,643.6838057589068,4.954150950146279,2.140639843369026e-16,0.3870458355379718,0,0,1,
AMASS,../egodata/downloads/amass/extracted/DFaust/DFaust/50002/50002_jiggle_on_toes_stageii.npz,Basic Locomotion,DFaust/DFaust,120,0,0.08549169586953266,0.004009303368581738,0.010797185294779521,362.68881619259326,2.862708608050789,2.8714789040191495e-16,0.20644258686618766,0,0,1,
AMASS,../egodata/downloads/amass/extracted/DFaust/DFaust/50002/50002_jumping_jacks_stageii.npz,Upper-Body Manipulation,DFaust/DFaust,231,0,0.1804497297496126,0.004071882262019965,0.013353773130556745,563.6940778133848,5.066710835075634,2.181832700963225e-16,0.6605612236565649,0,1,1,
AMASS,../egodata/downloads/amass/extracted/DFaust/DFaust/50002/50002_one_leg_jump_stageii.npz,Basic Locomotion,DFaust/DFaust,271,0,0.2462138591986971,0.012623321213735017,0.013864906128593035,533.5310857192121,2.0464644153411156,1.8920637758718339e-16,0.42089550615556465,0,0,1,
AMASS,../egodata/downloads/amass/extracted/DFaust/DFaust/50002/50002_shake_hips_stageii.npz,Upper-Body Manipulation,DFaust/DFaust,122,0,0.15503150877385408,0.0034269531478169145,0.00562084945655561,429.01080260369207,2.998477552345862,2.3105382674403827e-16,0.3645566692990893,0,1,1,
AMASS,../egodata/downloads/amass/extracted/DFaust/DFaust/50002/50002_light_hopping_loose_stageii.npz,Basic Locomotion,DFaust/DFaust,117,0,0.13158579944188287,0.005477422918191031,0.01748295187590665,422.4198784068918,1.051443149903904,2.134353155976256e-16,0.41191145633023646,0,0,1,
AMASS,../egodata/downloads/amass/extracted/DFaust/DFaust/50002/50002_light_hopping_stiff_stageii.npz,Basic Locomotion,DFaust/DFaust,107,0,0.08632541221992185,0.005973917723870224,0.008550773648023924,269.9413112268378,0.8306534767419694,1.962843344535307e-16,0.2559379401248345,0,0,1,
AMASS,../egodata/downloads/amass/extracted/DFaust/DFaust/50002/50002_chicken_wings_stageii.npz,Upper-Body Manipulation,DFaust/DFaust,108,0,0.02342632386723461,0.0011565772053411983,0.0016564530583147996,629.7646119905966,2.6391287234020466,2.040359925590348e-16,0.2814889094211401,0,0,1,
AMASS,../egodata/downloads/amass/extracted/DFaust/DFaust/50002/50002_knees_stageii.npz,Basic Locomotion,DFaust/DFaust,250,0,0.1838158396915123,0.0018891617555521878,0.005524142323575454,348.49790193795053,4.241814611160712,2.024530843271696e-16,0.2816092694477759,0,0,1,
AMASS,../egodata/downloads/amass/extracted/DFaust/DFaust/50002/50002_hips_stageii.npz,Upper-Body Manipulation,DFaust/DFaust,349,0,0.025265084578228507,0.0020272581779008105,0.0026711728996061668,143.96932047978018,0.6156280364418883,2.2718230775027165e-16,0.1291958795847049,0,0,1,
AMASS,../egodata/downloads/amass/extracted/DFaust/DFaust/50002/50002_one_leg_loose_stageii.npz,Basic Locomotion,DFaust/DFaust,132,0,0.2782844415152748,0.011720384561608448,0.010475472557459065,601.0319762488298,2.31098681456906,2.6515864642360176e-16,0.3179992029599628,0,0,1,
AMASS,../egodata/downloads/amass/extracted/DFaust/DFaust/50004/50004_running_on_spot_stageii.npz,Agility / High-Dynamic,DFaust/DFaust,134,0,0.3605359628969246,0.010290054990587903,0.01679964107301346,2016.3226441458394,6.220714727013184,2.3535058387685363e-16,1.0127536987145442,0,0,1,
AMASS,../egodata/downloads/amass/extracted/DFaust/DFaust/50004/50004_hips_stageii.npz,Upper-Body Manipulation,DFaust/DFaust,302,0,0.03668654726178368,0.0014839894570999124,0.005645527504379466,167.42347173558466,0.48934252167188796,2.2142501780311706e-16,0.134088321475324,0,0,1,
AMASS,../egodata/downloads/amass/extracted/DFaust/DFaust/50004/50004_light_hopping_stiff_stageii.npz,Basic Locomotion,DFaust/DFaust,155,0,0.07051870208292407,0.0022641733917857796,0.00924668483357638,202.82990358171267,0.7615373136923164,2.1085252210204665e-16,0.25315664505429764,0,0,1,
AMASS,../egodata/downloads/amass/extracted/DFaust/DFaust/50004/50004_light_hopping_loose_stageii.npz,Basic Locomotion,DFaust/DFaust,179,0,0.06826364876087787,0.0024706733106714205,0.011027297579444983,302.7052401388567,1.2562534739520863,1.9043303455857473e-16,0.366765432467149,0,0,1,
AMASS,../egodata/downloads/amass/extracted/DFaust/DFaust/50004/50004_jiggle_on_toes_stageii.npz,Basic Locomotion,DFaust/DFaust,120,0,0.16421133507826113,0.002633954336008817,0.008032496162689307,569.9045138407721,4.292621106417446,2.727212813254019e-16,0.38662946076224325,0,0,1,
AMASS,../egodata/downloads/amass/extracted/DFaust/DFaust/50004/50004_knees_stageii.npz,Basic Locomotion,DFaust/DFaust,366,0,0.1838619741698044,0.002091427497977083,0.010510702209466871,307.2413336087483,3.8244907367041585,2.31452000687807e-16,0.22325242262925737,0,0,1,
AMASS,../egodata/downloads/amass/extracted/DFaust/DFaust/50004/50004_punching_stageii.npz,Upper-Body Manipulation,DFaust/DFaust,110,0,0.07441376180745192,0.0018130091616618382,0.004696603546945399,1218.8791191330863,4.689318725959066,2.2656917387797523e-16,0.3821863089195443,0,0,1,
AMASS,../egodata/downloads/amass/extracted/DFaust/DFaust/50004/50004_shake_hips_stageii.npz,Agility / High-Dynamic,DFaust/DFaust,107,0,0.17459144000067542,0.002623830072242248,0.0035276465724003447,1269.7368514921493,5.77677528936079,2.196862218355121e-16,0.40302161603793546,0,0,1,
AMASS,../egodata/downloads/amass/extracted/DFaust/DFaust/50004/50004_jumping_jacks_stageii.npz,Agility / High-Dynamic,DFaust/DFaust,180,0,0.6047475764681918,0.005186408704076286,0.0166504054719806,1331.6879331886485,6.247774743763501,2.0782559662483475e-16,1.1435309317468754,0,0,1,
AMASS,../egodata/downloads/amass/extracted/DFaust/DFaust/50004/50004_shake_shoulders_stageii.npz,Upper-Body Manipulation,DFaust/DFaust,99,0,0.07916143376739188,0.0007590027075067285,0.004119536573576776,1187.540319779346,2.6420778020644247,2.0154717598324282e-16,0.26080482515428666,0,0,1,
AMASS,../egodata/downloads/amass/extracted/DFaust/DFaust/50004/50004_shake_arms_stageii.npz,Agility / High-Dynamic,DFaust/DFaust,126,0,0.03310425446682579,0.000884201342130797,0.0018388474967302448,2315.273378515555,5.875663637156175,3.404161891371246e-16,0.5211196264046286,0,0,1,
AMASS,../egodata/downloads/amass/extracted/DFaust/DFaust/50004/50004_one_leg_jump_stageii.npz,Basic Locomotion,DFaust/DFaust,123,0,0.1938548068781934,0.0022932692962932765,0.016676864122748047,902.4483159035346,1.9434709506170653,2.7178230324073805e-16,0.5835209064489857,0,0,1,
AMASS,../egodata/downloads/amass/extracted/DFaust/DFaust/50004/50004_one_leg_loose_stageii.npz,Basic Locomotion,DFaust/DFaust,147,0,0.15431581527063076,0.0022928441853816927,0.012242287910044336,421.4588581002139,1.8201607016867303,2.427797220290242e-16,0.43452223809095447,0,0,1,
AMASS,../egodata/downloads/amass/extracted/DFaust/DFaust/50004/50004_chicken_wings_stageii.npz,Upper-Body Manipulation,DFaust/DFaust,113,0,0.04416945295246293,0.0019062571075536949,0.004750207479388591,1184.9470415089918,4.099184526474097,2.1710001223592784e-16,0.384569286029336,0,0,1,
AMASS,../egodata/downloads/amass/extracted/DFaust/DFaust/50026/50026_jiggle_on_toes_stageii.npz,Agility / High-Dynamic,DFaust/DFaust,113,0,0.13206783867123867,0.0033513629705199666,0.00931430479023676,959.3508710464932,3.9125685630496214,2.2277530308716293e-16,0.5006498701468302,0,0,1,
AMASS,../egodata/downloads/amass/extracted/DFaust/DFaust/50026/50026_shake_arms_stageii.npz,Upper-Body Manipulation,DFaust/DFaust,139,0,0.028641461960083388,0.0014946681309310362,0.0014165936647695387,1012.8383252438528,3.841317157480415,2.049016437808374e-16,0.21202252775259117,0,0,1,
AMASS,../egodata/downloads/amass/extracted/DFaust/DFaust/50026/50026_shake_shoulders_stageii.npz,Upper-Body Manipulation,DFaust/DFaust,135,0,0.09926649829778411,0.0014919790137611244,0.006904823362140822,801.4080509674505,1.8492222188655834,2.675865989198318e-16,0.32710708323555326,0,1,1,
AMASS,../egodata/downloads/amass/extracted/DFaust/DFaust/50026/50026_light_hopping_stiff_stageii.npz,Basic Locomotion,DFaust/DFaust,100,0,0.07478453446152936,0.002170716354344736,0.011779785889818373,500.69534769510403,0.9884351932908708,2.0631591047810904e-16,0.3836266369950279,0,0,1,
AMASS,../egodata/downloads/amass/extracted/DFaust/DFaust/50026/50026_knees_stageii.npz,Basic Locomotion,DFaust/DFaust,401,0,0.12367842681389729,0.0017398527735639213,0.005034849818681297,221.04960879712252,3.282837009773881,2.2496592986371045e-16,0.16939047702360818,0,0,1,
AMASS,../egodata/downloads/amass/extracted/DFaust/DFaust/50026/50026_light_hopping_loose_stageii.npz,Agility / High-Dynamic,DFaust/DFaust,106,0,0.09082361763255427,0.003220642459650097,0.013188231241055726,856.7856318668264,1.9745422836932873,1.9670414881151176e-16,0.5803742336145947,0,0,1,
AMASS,../egodata/downloads/amass/extracted/DFaust/DFaust/50026/50026_one_leg_jump_stageii.npz,Agility / High-Dynamic,DFaust/DFaust,165,0,0.2515804310519935,0.007037972051871817,0.016184929129768322,1933.1391305269617,3.923638253410898,2.1327351798690339e-16,0.6972039777745113,0,0,1,
AMASS,../egodata/downloads/amass/extracted/DFaust/DFaust/50026/50026_shake_hips_stageii.npz,Agility / High-Dynamic,DFaust/DFaust,119,0,0.3847080495756863,0.001691469477318308,0.010136664660691297,1125.8046090281332,3.805417128335981,2.3371695382208915e-16,0.606885376569503,0,0,1,
AMASS,../egodata/downloads/amass/extracted/DFaust/DFaust/50026/50026_punching_stageii.npz,Upper-Body Manipulation,DFaust/DFaust,107,0,0.07877543413318419,0.0012864849838866732,0.0024069593117788113,1054.9166250406433,4.352323810153157,1.8413520741970253e-16,0.37339879262956494,0,0,1,
AMASS,../egodata/downloads/amass/extracted/DFaust/DFaust/50026/50026_jumping_jacks_stageii.npz,Agility / High-Dynamic,DFaust/DFaust,172,0,0.3296580687189894,0.00396494856439329,0.020199904113713918,909.5426163853666,6.1100298529781405,2.4161388293647604e-16,1.0620517455114629,0,0,1,
AMASS,../egodata/downloads/amass/extracted/DFaust/DFaust/50026/50026_one_leg_loose_stageii.npz,Basic Locomotion,DFaust/DFaust,116,0,0.14960004390705528,0.002787427594373459,0.011120419844610041,623.6253662634749,1.7653727266608068,1.9944678660086897e-16,0.3904797977675076,0,0,1,
AMASS,../egodata/downloads/amass/extracted/DFaust/DFaust/50026/50026_running_on_spot_stageii.npz,Agility / High-Dynamic,DFaust/DFaust,199,0,0.4543136814519574,0.009494603033106008,0.01757979482860872,2801.4731500033413,6.543930104909545,2.0233082049391102e-16,0.995190654794786,0,0,1,
AMASS,../egodata/downloads/amass/extracted/DFaust/DFaust/50026/50026_chicken_wings_stageii.npz,Upper-Body Manipulation,DFaust/DFaust,112,0,0.044741259029265734,0.0025147289148584107,0.006043949357301126,1049.6156522562383,3.002138713621444,2.330174787821635e-16,0.37505609669627554,0,0,1,
AMASS,../egodata/downloads/amass/extracted/DFaust/DFaust/50026/50026_hips_stageii.npz,Upper-Body Manipulation,DFaust/DFaust,430,0,0.0241975342236892,0.0031409153228690767,0.004759007215857203,92.19935142377044,0.5545320257264335,2.171700903223902e-16,0.12728352670846255,0,0,1,
AMASS,../egodata/downloads/amass/extracted/DFaust/DFaust/50022/50022_jiggle_on_toes_stageii.npz,Upper-Body Manipulation,DFaust/DFaust,139,0,0.13004917565658325,0.002518829009131376,0.011032104898823336,800.365778874196,4.683961669656181,2.3217912615831564e-16,0.4071234122033963,0,1,1,
AMASS,../egodata/downloads/amass/extracted/DFaust/DFaust/50022/50022_knees_stageii.npz,Basic Locomotion,DFaust/DFaust,475,0,0.12492712157596822,0.012514352383803615,0.011946441457110435,394.3294897485417,5.990494403011477,2.7161319076022235e-16,0.2554027387277167,0,0,1,
AMASS,../egodata/downloads/amass/extracted/DFaust/DFaust/50022/50022_running_on_spot_stageii.npz,Agility / High-Dynamic,DFaust/DFaust,149,0,0.38806645214035085,0.009054057261444974,0.015784448378369564,3681.7703674470226,9.190113875563288,2.81701087861905e-16,1.1307611329642964,0,1,1,
AMASS,../egodata/downloads/amass/extracted/DFaust/DFaust/50022/50022_light_hopping_loose_stageii.npz,Basic Locomotion,DFaust/DFaust,152,0,0.14112308431691867,0.006059510558884702,0.012248371137001113,515.3289983341263,1.7280885265530956,2.0649256985099266e-16,0.4259381585668467,0,0,1,
AMASS,../egodata/downloads/amass/extracted/DFaust/DFaust/50022/50022_light_hopping_stiff_stageii.npz,Basic Locomotion,DFaust/DFaust,145,0,0.10657274268126192,0.002822495028897074,0.00816631352603836,418.84829371038353,1.1169298905388236,2.368974541075415e-16,0.37194895645508386,0,0,1,
AMASS,../egodata/downloads/amass/extracted/DFaust/DFaust/50022/50022_shake_arms_stageii.npz,Upper-Body Manipulation,DFaust/DFaust,174,0,0.03429880434321225,0.000942284789555442,0.004080796256152486,2112.612265183949,5.200986462262328,2.10723415755749e-16,0.33981304199708123,0,1,1,
AMASS,../egodata/downloads/amass/extracted/DFaust/DFaust/50022/50022_hips_stageii.npz,Upper-Body Manipulation,DFaust/DFaust,273,0,0.038761633648020925,0.002489895290666033,0.004102493070052615,201.63422966031422,0.6659763842337206,2.222656533881725e-16,0.17038134189168855,0,0,1,
AMASS,../egodata/downloads/amass/extracted/DFaust/DFaust/50022/50022_shake_shoulders_stageii.npz,Upper-Body Manipulation,DFaust/DFaust,129,0,0.08573387233948021,0.0033445499837769965,0.0073466005235121035,989.0902484166405,2.839723339165504,2.7636042997035534e-16,0.3223714393389498,0,0,1,
AMASS,../egodata/downloads/amass/extracted/DFaust/DFaust/50022/50022_jumping_jacks_stageii.npz,Agility / High-Dynamic,DFaust/DFaust,154,0,0.5645358160281353,0.0038762802972516297,0.017395864053826093,1707.0691796646975,5.50939776036702,2.4643217884468164e-16,1.045174595798354,0,0,1,
AMASS,../egodata/downloads/amass/extracted/DFaust/DFaust/50022/50022_one_leg_jump_stageii.npz,Basic Locomotion,DFaust/DFaust,205,0,0.22271187418029387,0.005476026201158554,0.013695920681900953,646.4586923816224,2.7745562755912734,2.2262894322990654e-16,0.5244739819265564,0,0,1,
AMASS,../egodata/downloads/amass/extracted/DFaust/DFaust/50022/50022_one_leg_loose_stageii.npz,Basic Locomotion,DFaust/DFaust,127,0,0.16219925655885714,0.003789818861888219,0.007496198436216295,551.1538862430223,1.8558360117961892,4.115278061990741e-16,0.47552293078357977,0,0,1,
AMASS,../egodata/downloads/amass/extracted/DFaust/DFaust/50022/50022_punching_stageii.npz,Agility / High-Dynamic,DFaust/DFaust,102,0,0.07508090620182031,0.002273540665385947,0.006601020925254442,3709.6334516314137,9.629284013110304,2.422488848204541e-16,0.46367149535683305,0,1,1,
AMASS,../egodata/downloads/amass/extracted/DFaust/DFaust/50022/50022_shake_hips_stageii.npz,Basic Locomotion,DFaust/DFaust,135,0,0.18009045126202616,0.0016644052553017664,0.0037125259715367065,1035.9662833118748,2.8099610062241362,2.8861342322846576e-16,0.3137839861186688,0,0,1,
AMASS,../egodata/downloads/amass/extracted/DFaust/DFaust/50007/50007_chicken_wings_stageii.npz,Upper-Body Manipulation,DFaust/DFaust,141,0,0.030395466027120954,0.004457390385064719,0.004467439401364959,656.9411735733806,2.899041357612408,2.281486851642325e-16,0.21642443841327128,0,0,1,
AMASS,../egodata/downloads/amass/extracted/DFaust/DFaust/50007/50007_knees_stageii.npz,Basic Locomotion,DFaust/DFaust,308,0,0.08771242094291329,0.0007396123136552756,0.0031029633227139253,301.62516101903816,3.605572377296088,2.2548876893316716e-16,0.16470946726028365,0,0,1,
AMASS,../egodata/downloads/amass/extracted/DFaust/DFaust/50007/50007_light_hopping_loose_stageii.npz,Upper-Body Manipulation,DFaust/DFaust,148,0,0.08264891582318173,0.0037135951685722877,0.011908239205692728,612.5096956856679,1.7358780599624235,2.4005713050617036e-16,0.33804903849772716,0,0,1,
AMASS,../egodata/downloads/amass/extracted/DFaust/DFaust/50007/50007_one_leg_jump_stageii.npz,Basic Locomotion,DFaust/DFaust,150,0,0.21142741505849488,0.004763422098041984,0.01522073426251036,820.1218281193856,1.9653283755002837,2.8185609689026704e-16,0.49115786021767854,0,0,1,
AMASS,../egodata/downloads/amass/extracted/DFaust/DFaust/50007/50007_shake_arms_stageii.npz,Upper-Body Manipulation,DFaust/DFaust,126,0,0.024626062041972673,0.005249046036742644,0.003589525335542798,1171.9974279995547,3.1873532632105546,3.373677480729854e-16,0.3095137844332697,0,0,1,
AMASS,../egodata/downloads/amass/extracted/DFaust/DFaust/50007/50007_light_hopping_stiff_stageii.npz,Basic Locomotion,DFaust/DFaust,192,0,0.05820272525082901,0.003198358045011066,0.009594705009700388,178.94804483878883,0.5175067371994176,2.0438303531135263e-16,0.20132750563906868,0,0,1,
AMASS,../egodata/downloads/amass/extracted/DFaust/DFaust/50007/50007_punching_stageii.npz,Upper-Body Manipulation,DFaust/DFaust,118,0,0.0249106248998127,0.000443962672089393,0.006397013000098373,546.274255182134,4.599658715247794,2.390843722690418e-16,0.19379488205887507,0,0,1,
AMASS,../egodata/downloads/amass/extracted/DFaust/DFaust/50007/50007_shake_hips_stageii.npz,Upper-Body Manipulation,DFaust/DFaust,160,0,0.08635499257715487,0.0015468498452699965,0.00423011963608716,258.57137710836935,2.1987908748580702,1.9739296245392086e-16,0.17531592955125674,0,0,1,
AMASS,../egodata/downloads/amass/extracted/DFaust/DFaust/50007/50007_shake_shoulders_stageii.npz,Upper-Body Manipulation,DFaust/DFaust,146,0,0.03982625203157632,0.001523562597795003,0.004123388381997495,385.9052162439975,1.5652964809974523,2.2092803770286947e-16,0.22530699505156787,0,0,1,
AMASS,../egodata/downloads/amass/extracted/DFaust/DFaust/50007/50007_running_on_spot_stageii.npz,Agility / High-Dynamic,DFaust/DFaust,271,0,0.2782876590065265,0.005929562880695849,0.016210336160899286,938.2158016570154,3.6484585873614237,1.7555871928690526e-16,0.6786211709398446,0,0,1,
AMASS,../egodata/downloads/amass/extracted/DFaust/DFaust/50007/50007_jumping_jacks_stageii.npz,Agility / High-Dynamic,DFaust/DFaust,162,0,0.5319061671220651,0.008110829413191963,0.013966610305376492,1085.8697873568854,7.4797405955439284,2.2435455947009255e-16,1.008999985930852,0,0,1,
AMASS,../egodata/downloads/amass/extracted/DFaust/DFaust/50007/50007_one_leg_loose_stageii.npz,Basic Locomotion,DFaust/DFaust,189,0,0.06969747444369565,0.00258611974746763,0.005079806417440658,228.96878529689832,1.8405810100707902,2.1833652316203216e-16,0.19676489120591395,0,0,1,
AMASS,../egodata/downloads/amass/extracted/DFaust/DFaust/50007/50007_jiggle_on_toes_stageii.npz,Upper-Body Manipulation,DFaust/DFaust,143,0,0.060382084689674514,0.006586888943825495,0.008630696617624611,375.18805882925506,4.235701617492733,2.8960523819331437e-16,0.29172981296865236,0,0,1,
AMASS,../egodata/downloads/amass/extracted/DFaust/DFaust/50021/50021_one_leg_jump_stageii.npz,Agility / High-Dynamic,DFaust/DFaust,124,0,0.3238863336752612,0.007351028137564176,0.011172653469924132,752.4532141625343,3.358440623939164,2.661458812326361e-16,0.6949324247325619,0,0,1,
AMASS,../egodata/downloads/amass/extracted/DFaust/DFaust/50021/50021_light_hopping_stiff_stageii.npz,Agility / High-Dynamic,DFaust/DFaust,108,0,0.23868322752583554,0.0023680296852081084,0.01164874070514188,675.9377444576544,1.2734176668712331,2.0190885977368433e-16,0.541738655780024,0,0,1,
AMASS,../egodata/downloads/amass/extracted/DFaust/DFaust/50021/50021_knees_stageii.npz,Basic Locomotion,DFaust/DFaust,332,0,0.16295254427946354,0.0030790296316093135,0.014542168011200507,699.9763788047591,5.443743990715977,1.869512595679074e-16,0.2523532573372171,0,0,1,
AMASS,../egodata/downloads/amass/extracted/DFaust/DFaust/50021/50021_shake_shoulders_stageii.npz,Upper-Body Manipulation,DFaust/DFaust,169,0,0.06407734419116587,0.0010354551461382578,0.0047788054924639,455.54320534287416,1.2947337336254066,2.290722687281952e-16,0.17597407157446232,0,0,1,
AMASS,../egodata/downloads/amass/extracted/DFaust/DFaust/50021/50021_chicken_wings_stageii.npz,Upper-Body Manipulation,DFaust/DFaust,129,0,0.03811009481452002,0.0015205621879376308,0.004625213633220104,987.0398449405532,3.3217977320428536,2.3450631651300895e-16,0.3286983982487684,0,0,1,
AMASS,../egodata/downloads/amass/extracted/DFaust/DFaust/50021/50021_shake_hips_stageii.npz,Basic Locomotion,DFaust/DFaust,137,0,0.21280999262937259,0.002923641833192332,0.006122373667357017,356.9472399765182,0.8588212242038179,2.301517019982502e-16,0.258848925906545,0,0,1,
AMASS,../egodata/downloads/amass/extracted/DFaust/DFaust/50021/50021_hips_stageii.npz,Upper-Body Manipulation,DFaust/DFaust,291,0,0.033970298592027326,0.0026997499945226934,0.0036100467788434676,250.03663657446927,0.5971331059266933,2.6578064988495473e-16,0.1622268570203138,0,0,1,
AMASS,../egodata/downloads/amass/extracted/DFaust/DFaust/50021/50021_shake_arms_stageii.npz,Upper-Body Manipulation,DFaust/DFaust,137,0,0.026046876016404118,0.0003246929335530124,0.002085173642938365,1130.660992066834,4.151002695625006,2.1784650860987502e-16,0.32467640473081716,0,0,1,
AMASS,../egodata/downloads/amass/extracted/DFaust/DFaust/50021/50021_punching_stageii.npz,Upper-Body Manipulation,DFaust/DFaust,127,0,0.034588789784780666,0.00247600326241044,0.002237155300132909,772.4135247351107,4.587449639462071,4.209494542302153e-16,0.25598635389413815,0,0,1,
AMASS,../egodata/downloads/amass/extracted/DFaust/DFaust/50021/50021_running_on_spot_stageii.npz,Agility / High-Dynamic,DFaust/DFaust,113,0,0.5133489925999659,0.007132094118099581,0.013458039975797864,4185.0652817494965,8.590408480425339,2.1235282061768906e-16,1.5349093990255402,0,1,0,jitter
AMASS,../egodata/downloads/amass/extracted/DFaust/DFaust/50021/50021_one_leg_loose_stageii.npz,Basic Locomotion,DFaust/DFaust,112,0,0.20552947277241523,0.003559895362009022,0.009977088499210529,516.0773284071711,2.035669586386424,2.2848949744899534e-16,0.5420253479962933,0,0,1,
AMASS,../egodata/downloads/amass/extracted/DFaust/DFaust/50027/50027_shake_shoulders_stageii.npz,Upper-Body Manipulation,DFaust/DFaust,77,0,0.06451162343333781,0.0010575781277265283,0.004494923060902933,512.8059213578582,1.2823493712684038,3.404551181912055e-16,0.1803824836305232,0,0,1,
AMASS,../egodata/downloads/amass/extracted/DFaust/DFaust/50027/50027_shake_arms_stageii.npz,Upper-Body Manipulation,DFaust/DFaust,116,0,0.03660551247060613,0.0011399522002572158,0.0016863970854418264,1783.6261774122152,4.430625815609231,2.041261712746664e-16,0.38386953593061457,0,0,1,
AMASS,../egodata/downloads/amass/extracted/DFaust/DFaust/50027/50027_light_hopping_loose_stageii.npz,Agility / High-Dynamic,DFaust/DFaust,104,0,0.16004573805755606,0.00531713540518553,0.012521731149740534,676.7812145740982,1.561873094489813,2.3185692517061533e-16,0.5335140241863653,0,0,1,
AMASS,../egodata/downloads/amass/extracted/DFaust/DFaust/50027/50027_one_leg_loose_stageii.npz,Basic Locomotion,DFaust/DFaust,111,0,0.20391776780245202,0.004710245003143898,0.008277235612806022,447.10216484359097,2.291716840179303,2.7475520570809494e-16,0.46036261935038747,0,0,1,
AMASS,../egodata/downloads/amass/extracted/DFaust/DFaust/50027/50027_one_leg_jump_stageii.npz,Agility / High-Dynamic,DFaust/DFaust,130,0,0.24083093654884946,0.009010094074897062,0.015277005373823538,626.3258062941425,2.84743774056477,2.1487851945554812e-16,0.6209315091531015,0,0,1,
AMASS,../egodata/downloads/amass/extracted/DFaust/DFaust/50027/50027_shake_hips_stageii.npz,Upper-Body Manipulation,DFaust/DFaust,87,0,0.18271225067253088,0.00161410564945073,0.0023754289400803597,506.17353279943677,3.215960754934988,4.1980573901669705e-16,0.3424027944197752,0,1,1,
AMASS,../egodata/downloads/amass/extracted/DFaust/DFaust/50027/50027_knees_stageii.npz,Basic Locomotion,DFaust/DFaust,290,0,0.08250777552106686,0.003116505330038093,0.019567928139965995,777.3593083003254,5.405172132540436,2.2356971628953066e-16,0.2392069233356397,0,0,1,
AMASS,../egodata/downloads/amass/extracted/DFaust/DFaust/50027/50027_hips_stageii.npz,Upper-Body Manipulation,DFaust/DFaust,405,0,0.022226350301696014,0.0036566606622948504,0.005151609565836046,125.55349190077862,1.0232070921356018,2.1348305277947317e-16,0.14386390901362248,0,0,1,
AMASS,../egodata/downloads/amass/extracted/DFaust/DFaust/50027/50027_running_on_spot_stageii.npz,Agility / High-Dynamic,DFaust/DFaust,180,0,0.3104860506670362,0.013687316988462775,0.01522025741275801,2838.9406881030804,6.6368846212368595,2.068512639949399e-16,0.9466196854608327,0,0,1,
AMASS,../egodata/downloads/amass/extracted/DFaust/DFaust/50027/50027_jiggle_on_toes_stageii.npz,Basic Locomotion,DFaust/DFaust,101,0,0.13748497722804004,0.004109766526981473,0.005367206390178625,617.2127047036993,2.971364041579224,2.6318665465256964e-16,0.41719795152027134,0,0,1,
AMASS,../egodata/downloads/amass/extracted/DFaust/DFaust/50027/50027_light_hopping_stiff_stageii.npz,Basic Locomotion,DFaust/DFaust,91,0,0.15470195813589127,0.004069602444645648,0.011446728933086847,536.9736029465851,1.312965163141397,2.413734415858941e-16,0.4641609005782765,0,0,1,
AMASS,../egodata/downloads/amass/extracted/DFaust/DFaust/50027/50027_jumping_jacks_stageii.npz,Agility / High-Dynamic,DFaust/DFaust,145,0,0.35923356481764723,0.005195020076520689,0.020747990241856362,775.3698424406261,5.1387979551325484,2.2658843447623835e-16,0.9395724748085507,0,0,1,
AMASS,../egodata/downloads/amass/extracted/DFaust/DFaust/50027/50027_punching_stageii.npz,Upper-Body Manipulation,DFaust/DFaust,97,0,0.05835370274365978,0.0011100838834942105,0.002134864281111981,1168.2874159674102,4.741715570594919,1.8953266670785525e-16,0.32006260564856903,0,0,1,
AMASS,../egodata/downloads/amass/extracted/BMLmovi/BMLmovi/Subject_28_F_MoSh/Subject_28_F_7_poses.npz,Upper-Body Manipulation,BMLmovi/BMLmovi,67,0,0.011863117768916452,0.00035742546189581367,0.0010881289984809583,192.98555535497937,2.6993482022331903,3.050186624133133e-16,0.13283109028003992,0,0,1,
AMASS,../egodata/downloads/amass/extracted/BMLmovi/BMLmovi/Subject_28_F_MoSh/Subject_28_F_9_poses.npz,Upper-Body Manipulation,BMLmovi/BMLmovi,85,0,0.0128873073933248,0.00029427529765290453,0.001307008213092098,217.46279219315335,3.2709868125578945,3.4148682798806043e-16,0.14304851892521822,0,0,1,
AMASS,../egodata/downloads/amass/extracted/BMLmovi/BMLmovi/Subject_28_F_MoSh/Subject_28_F_8_poses.npz,Agility / High-Dynamic,BMLmovi/BMLmovi,138,0,0.16589183311635922,0.006303165964539284,0.021758315613501646,612.0048383325703,4.442795691405627,2.7637161712291324e-16,0.8301903576557785,0,0,1,
AMASS,../egodata/downloads/amass/extracted/BMLmovi/BMLmovi/Subject_28_F_MoSh/Subject_28_F_19_poses.npz,Agility / High-Dynamic,BMLmovi/BMLmovi,87,0,0.08328742011413418,0.011497355436082454,0.0363592788470634,650.1553658384681,4.453802972338291,4.2442251687700045e-16,0.7504647687202249,0,0,1,
AMASS,../egodata/downloads/amass/extracted/BMLmovi/BMLmovi/Subject_28_F_MoSh/Subject_28_F_1_poses.npz,Upper-Body Manipulation,BMLmovi/BMLmovi,74,0,0.007921022718260933,0.00025183797107304726,0.0010091482531818588,93.80150503688454,1.8017564766135008,2.919066425572546e-16,0.10468440435694716,0,0,1,
AMASS,../egodata/downloads/amass/extracted/BMLmovi/BMLmovi/Subject_28_F_MoSh/Subject_28_F_3_poses.npz,Upper-Body Manipulation,BMLmovi/BMLmovi,80,0,0.010513366749739655,0.00018264537444745112,0.0007233407211010429,580.5424354688413,2.2217694533525765,2.4726277121555616e-16,0.14395922775920753,0,0,1,
AMASS,../egodata/downloads/amass/extracted/BMLmovi/BMLmovi/Subject_28_F_MoSh/Subject_28_F_4_poses.npz,Basic Locomotion,BMLmovi/BMLmovi,102,0,0.2728877592950496,0.005644594987318751,0.011451885319857871,511.7083560412073,2.1262745403091303,2.822649193123145e-16,0.5431617302749687,0,0,1,
AMASS,../egodata/downloads/amass/extracted/BMLmovi/BMLmovi/Subject_28_F_MoSh/Subject_28_F_17_poses.npz,Basic Locomotion,BMLmovi/BMLmovi,244,0,0.6469985286723184,0.008815336046892337,0.01242979479435613,361.13809672575974,3.771792676399788,2.8061968456811026e-16,0.7181986572769319,0,0,1,
AMASS,../egodata/downloads/amass/extracted/BMLmovi/BMLmovi/Subject_28_F_MoSh/Subject_28_F_5_poses.npz,Upper-Body Manipulation,BMLmovi/BMLmovi,89,0,0.012816145924650028,0.0006488759631041918,0.007275547576298572,435.73446510766394,2.3631167516251876,2.3477268897242823e-16,0.15213113357090483,0,0,1,
AMASS,../egodata/downloads/amass/extracted/BMLmovi/BMLmovi/Subject_28_F_MoSh/Subject_28_F_2_poses.npz,Upper-Body Manipulation,BMLmovi/BMLmovi,72,0,0.009811374521010512,0.00031098364859080045,0.0005323325123118006,210.12668068609756,2.469433021387843,2.7700216231604485e-16,0.10323315975760113,0,0,1,
AMASS,../egodata/downloads/amass/extracted/BMLmovi/BMLmovi/Subject_28_F_MoSh/Subject_28_F_14_poses.npz,Basic Locomotion,BMLmovi/BMLmovi,302,0,0.8049683370499527,0.013583098897637393,0.012108548533140188,523.3407880901437,5.429949447714755,2.8357608531026573e-16,0.9504643113014439,0,1,1,
AMASS,../egodata/downloads/amass/extracted/BMLmovi/BMLmovi/Subject_28_F_MoSh/Subject_28_F_10_poses.npz,Upper-Body Manipulation,BMLmovi/BMLmovi,101,0,0.02558985809244905,0.0003669607716625528,0.002094254692670175,421.0443287145172,5.622307008901287,3.1173215318812617e-16,0.2780690735583291,0,0,1,
AMASS,../egodata/downloads/amass/extracted/BMLmovi/BMLmovi/Subject_28_F_MoSh/Subject_28_F_20_poses.npz,Upper-Body Manipulation,BMLmovi/BMLmovi,219,0,0.2119516710071227,0.012520645981591047,0.019842052078277217,249.95219930445734,3.0607199676676866,2.558939284750661e-16,0.4228862306575747,0,1,1,
AMASS,../egodata/downloads/amass/extracted/BMLmovi/BMLmovi/Subject_28_F_MoSh/Subject_28_F_15_poses.npz,Upper-Body Manipulation,BMLmovi/BMLmovi,50,0,0.01669093284094536,0.0012018562625890755,0.002005891223515098,390.16668309221956,3.546923971996295,2.633812486784511e-16,0.2672644456224024,0,0,1,
AMASS,../egodata/downloads/amass/extracted/BMLmovi/BMLmovi/Subject_28_F_MoSh/Subject_28_F_13_poses.npz,Unstructured / OOD,BMLmovi/BMLmovi,326,0,0.3857433210573835,0.010314767010252492,0.02590011479578931,538.8732766666694,3.1320985169507223,2.9440324076425335e-16,0.5880958391356238,0,0,1,
AMASS,../egodata/downloads/amass/extracted/BMLmovi/BMLmovi/Subject_28_F_MoSh/Subject_28_F_6_poses.npz,Basic Locomotion,BMLmovi/BMLmovi,73,0,0.18886747841991933,0.0033250524835333316,0.008685273595786872,749.7253582696866,7.397915685367199,2.7634547789183635e-16,0.3328355750067462,0,0,1,
AMASS,../egodata/downloads/amass/extracted/BMLmovi/BMLmovi/Subject_28_F_MoSh/Subject_28_F_18_poses.npz,Basic Locomotion,BMLmovi/BMLmovi,115,0,0.13992871933448556,0.008463898661687265,0.015932056906704982,236.312782329138,1.3803802676939891,2.3001339696708516e-16,0.4206278005996196,0,0,1,
AMASS,../egodata/downloads/amass/extracted/BMLmovi/BMLmovi/Subject_28_F_MoSh/Subject_28_F_12_poses.npz,Upper-Body Manipulation,BMLmovi/BMLmovi,102,0,0.016336797796757556,0.0008384993427267225,0.008248209240848084,452.94928813469073,3.2007570541396606,2.950514066275339e-16,0.2370257610180185,0,0,1,
AMASS,../egodata/downloads/amass/extracted/BMLmovi/BMLmovi/Subject_28_F_MoSh/Subject_28_F_21_poses.npz,Unstructured / OOD,BMLmovi/BMLmovi,286,0,0.14837690044529012,0.024520967309402255,0.03521028960022708,359.83760615492696,3.1520001067240355,2.8752476369119384e-16,0.3593091360827222,0,0,1,
AMASS,../egodata/downloads/amass/extracted/BMLmovi/BMLmovi/Subject_28_F_MoSh/Subject_28_F_11_poses.npz,Basic Locomotion,BMLmovi/BMLmovi,255,0,0.6355623986151554,0.005762558602297742,0.012972204986563575,383.3161242744038,3.6665210221148445,2.4163287937718137e-16,0.6679398316602402,0,0,1,
AMASS,../egodata/downloads/amass/extracted/BMLmovi/BMLmovi/Subject_28_F_MoSh/Subject_28_F_16_poses.npz,Upper-Body Manipulation,BMLmovi/BMLmovi,74,0,0.011005552342776764,0.00035353307670097354,0.0015687452239324315,251.34147280816532,2.5729613626526557,3.040592382185083e-16,0.13082338900724164,0,0,1,
AMASS,../egodata/downloads/amass/extracted/BMLmovi/BMLmovi/Subject_80_F_MoSh/Subject_80_F_12_poses.npz,Basic Locomotion,BMLmovi/BMLmovi,127,0,0.3069508287237663,0.005209630971895066,0.008885509766099992,399.43485073840054,5.794731728799495,4.067842242551696e-16,0.3726114891471429,0,0,1,
AMASS,../egodata/downloads/amass/extracted/BMLmovi/BMLmovi/Subject_80_F_MoSh/Subject_80_F_13_poses.npz,Upper-Body Manipulation,BMLmovi/BMLmovi,144,0,0.16923977477741536,0.004986193711087155,0.02827495799319005,507.30567070936803,3.996037143623966,2.8097721853569335e-16,0.6521566348865356,0,1,1,
AMASS,../egodata/downloads/amass/extracted/BMLmovi/BMLmovi/Subject_80_F_MoSh/Subject_80_F_6_poses.npz,Upper-Body Manipulation,BMLmovi/BMLmovi,112,0,0.009078132525688547,0.00033962354866294857,0.0015725483908600527,146.24955467228654,2.8922616927047473,2.744867182045172e-16,0.1059791687250373,0,0,1,
AMASS,../egodata/downloads/amass/extracted/BMLmovi/BMLmovi/Subject_80_F_MoSh/Subject_80_F_1_poses.npz,Basic Locomotion,BMLmovi/BMLmovi,349,0,0.107449715974102,0.005972690259782192,0.007658035328526623,274.95293583803266,1.6006133172367942,2.51541557599744e-16,0.23011188355803094,0,0,1,
AMASS,../egodata/downloads/amass/extracted/BMLmovi/BMLmovi/Subject_80_F_MoSh/Subject_80_F_20_poses.npz,Basic Locomotion,BMLmovi/BMLmovi,320,0,0.5830591641889149,0.00502225477882459,0.010536857448948417,444.7038795809859,4.359356523425254,2.4844436779456377e-16,0.6463600903451177,0,0,1,
AMASS,../egodata/downloads/amass/extracted/BMLmovi/BMLmovi/Subject_80_F_MoSh/Subject_80_F_4_poses.npz,Basic Locomotion,BMLmovi/BMLmovi,230,0,0.1363980353602352,0.00460312505976313,0.022074052922101635,307.6099339612982,1.753924369810723,2.3310902004775097e-16,0.2649254566078469,0,0,1,
AMASS,../egodata/downloads/amass/extracted/BMLmovi/BMLmovi/Subject_80_F_MoSh/Subject_80_F_14_poses.npz,Upper-Body Manipulation,BMLmovi/BMLmovi,84,0,0.021293796131289965,0.0005247880188253284,0.004335931704934948,274.41417845660334,3.744072310766638,3.475117037579765e-16,0.18772160434405238,0,0,1,
AMASS,../egodata/downloads/amass/extracted/BMLmovi/BMLmovi/Subject_80_F_MoSh/Subject_80_F_10_poses.npz,Agility / High-Dynamic,BMLmovi/BMLmovi,95,0,0.05660463357434993,0.004712130607250392,0.03175299199448274,555.4964455170285,2.562078519252985,3.3451798270636555e-16,0.4370405740166065,0,0,1,
AMASS,../egodata/downloads/amass/extracted/BMLmovi/BMLmovi/Subject_80_F_MoSh/Subject_80_F_16_poses.npz,Upper-Body Manipulation,BMLmovi/BMLmovi,115,0,0.007028488871769977,0.0006953480232057635,0.0010149524643303983,151.907417343377,2.266395689072512,2.4011956199049394e-16,0.12058512237244906,0,0,1,
AMASS,../egodata/downloads/amass/extracted/BMLmovi/BMLmovi/Subject_80_F_MoSh/Subject_80_F_7_poses.npz,Upper-Body Manipulation,BMLmovi/BMLmovi,202,0,0.11273311914435907,0.0029284298319218398,0.0023854687391453317,276.896167350823,2.588298207502296,2.728431347822905e-16,0.30512604911564345,0,1,1,
AMASS,../egodata/downloads/amass/extracted/BMLmovi/BMLmovi/Subject_80_F_MoSh/Subject_80_F_11_poses.npz,Basic Locomotion,BMLmovi/BMLmovi,273,0,0.5322620018293018,0.006183300936437655,0.009551792700675896,349.0226108903445,3.964400641103556,2.7584314472724975e-16,0.6298204846527342,0,0,1,
AMASS,../egodata/downloads/amass/extracted/BMLmovi/BMLmovi/Subject_80_F_MoSh/Subject_80_F_15_poses.npz,Upper-Body Manipulation,BMLmovi/BMLmovi,112,0,0.00486826074296059,0.00015849439352295553,0.0008349949453688565,125.37786708156207,3.0638784402734403,2.834495978926978e-16,0.07288350199035493,0,0,1,
AMASS,../egodata/downloads/amass/extracted/BMLmovi/BMLmovi/Subject_80_F_MoSh/Subject_80_F_8_poses.npz,Upper-Body Manipulation,BMLmovi/BMLmovi,164,0,0.1073843539027809,0.008208268060145683,0.027790792933509816,304.4818064123754,3.4444210813942804,2.527406460794944e-16,0.3819624856730032,0,1,1,
AMASS,../egodata/downloads/amass/extracted/BMLmovi/BMLmovi/Subject_80_F_MoSh/Subject_80_F_5_poses.npz,Upper-Body Manipulation,BMLmovi/BMLmovi,108,0,0.015054474977723987,0.0006063479972590136,0.0010591129617079122,212.04461138317248,3.260584119041508,2.653601507924568e-16,0.1449960827809225,0,0,1,
AMASS,../egodata/downloads/amass/extracted/BMLmovi/BMLmovi/Subject_80_F_MoSh/Subject_80_F_9_poses.npz,Upper-Body Manipulation,BMLmovi/BMLmovi,115,0,0.010053252427334774,0.0009785169087027062,0.0024990452074334923,166.82963534474445,3.3777887498739863,2.42117484469192e-16,0.15904393604205108,0,0,1,
AMASS,../egodata/downloads/amass/extracted/BMLmovi/BMLmovi/Subject_80_F_MoSh/Subject_80_F_19_poses.npz,Upper-Body Manipulation,BMLmovi/BMLmovi,100,0,0.005476840034787161,0.0003110806076906925,0.001563034345329577,108.98261105174328,2.109375576869162,2.6906258358597487e-16,0.09959412859651134,0,0,1,
AMASS,../egodata/downloads/amass/extracted/BMLmovi/BMLmovi/Subject_80_F_MoSh/Subject_80_F_18_poses.npz,Basic Locomotion,BMLmovi/BMLmovi,241,0,0.6105880572623825,0.012576475077309066,0.012428929190447628,402.59516205739953,3.7772472162116473,2.5447046224612995e-16,0.6622675443538167,0,0,1,
AMASS,../egodata/downloads/amass/extracted/BMLmovi/BMLmovi/Subject_80_F_MoSh/Subject_80_F_17_poses.npz,Upper-Body Manipulation,BMLmovi/BMLmovi,118,0,0.0103825344057296,0.000814744258861956,0.002164774191944205,143.55953516748613,2.3748262137164367,2.5969887145308166e-16,0.1426318873173483,0,0,1,
AMASS,../egodata/downloads/amass/extracted/BMLmovi/BMLmovi/Subject_80_F_MoSh/Subject_80_F_3_poses.npz,Upper-Body Manipulation,BMLmovi/BMLmovi,107,0,0.006713305412770208,0.0003367487639544346,0.0013660167837080128,468.71190387259804,2.8530583111980388,2.522513589368829e-16,0.14067872666283301,0,0,1,
AMASS,../egodata/downloads/amass/extracted/BMLmovi/BMLmovi/Subject_80_F_MoSh/Subject_80_F_2_poses.npz,Unstructured / OOD,BMLmovi/BMLmovi,488,0,0.15978173293511522,0.01530357769542553,0.016450025349353345,301.0039755766467,2.0393925387940453,2.6981627079929773e-16,0.2963652390821658,0,0,1,
AMASS,../egodata/downloads/amass/extracted/BMLmovi/BMLmovi/Subject_80_F_MoSh/Subject_80_F_21_poses.npz,Basic Locomotion,BMLmovi/BMLmovi,215,0,0.13313466107807861,0.004687732837885301,0.013024774727260206,300.6668388883529,1.1701737299136057,2.531063319314442e-16,0.32139982054885335,0,0,1,
AMASS,../egodata/downloads/amass/extracted/BMLmovi/BMLmovi/Subject_12_F_MoSh/Subject_12_F_1_poses.npz,Basic Locomotion,BMLmovi/BMLmovi,330,0,0.27689023334341545,0.0020489562248130347,0.002899776711713195,319.6614537152403,1.7598499865605928,2.6557397712713816e-16,0.2827265174473457,0,0,1,
AMASS,../egodata/downloads/amass/extracted/BMLmovi/BMLmovi/Subject_12_F_MoSh/Subject_12_F_3_poses.npz,Basic Locomotion,BMLmovi/BMLmovi,327,0,0.1198053471460002,0.00603763718523873,0.010336749079721416,225.57760018680196,2.0124219576640376,2.5275716428547726e-16,0.22827148096955546,0,0,1,
AMASS,../egodata/downloads/amass/extracted/BMLmovi/BMLmovi/Subject_12_F_MoSh/Subject_12_F_15_poses.npz,Upper-Body Manipulation,BMLmovi/BMLmovi,205,0,0.052025426295114044,0.002813652404033927,0.0039296436126382145,281.27138498617666,4.553581602869363,2.352955951615992e-16,0.25427512211029635,0,0,1,
AMASS,../egodata/downloads/amass/extracted/BMLmovi/BMLmovi/Subject_12_F_MoSh/Subject_12_F_7_poses.npz,Basic Locomotion,BMLmovi/BMLmovi,490,0,0.21199166742722492,0.00518321660113569,0.02245217373554679,271.864965738286,2.2239634496257312,3.0626339150052615e-16,0.2687229557704207,0,0,1,
AMASS,../egodata/downloads/amass/extracted/BMLmovi/BMLmovi/Subject_12_F_MoSh/Subject_12_F_19_poses.npz,Agility / High-Dynamic,BMLmovi/BMLmovi,178,0,0.04570013457257634,0.0058273322596512035,0.014898276887448578,822.6625814679601,7.470121395375177,2.389641376295596e-16,0.4913855766609909,0,0,1,
AMASS,../egodata/downloads/amass/extracted/BMLmovi/BMLmovi/Subject_12_F_MoSh/Subject_12_F_17_poses.npz,Upper-Body Manipulation,BMLmovi/BMLmovi,91,0,0.007068700479246117,0.0003951533013312643,0.0014358968140852357,193.339753015626,2.962759185170582,2.3705452802785035e-16,0.09448626804447458,0,0,1,
AMASS,../egodata/downloads/amass/extracted/BMLmovi/BMLmovi/Subject_12_F_MoSh/Subject_12_F_16_poses.npz,Upper-Body Manipulation,BMLmovi/BMLmovi,105,0,0.02723204018945695,0.0011071182406451688,0.0035950154900152714,538.5735069255386,2.759648401109464,2.5618427522278627e-16,0.15611032239972517,0,0,1,
AMASS,../egodata/downloads/amass/extracted/BMLmovi/BMLmovi/Subject_12_F_MoSh/Subject_12_F_11_poses.npz,Basic Locomotion,BMLmovi/BMLmovi,343,0,0.33261024956128105,0.003990094673721304,0.007899834488668808,238.39712403501832,2.4027443387154044,2.6822387349714246e-16,0.3413568800376314,0,0,1,
AMASS,../egodata/downloads/amass/extracted/BMLmovi/BMLmovi/Subject_12_F_MoSh/Subject_12_F_14_poses.npz,Upper-Body Manipulation,BMLmovi/BMLmovi,107,0,0.005982592131502417,0.0002646869411854409,0.00291504922125211,242.5035294063349,3.151447929652806,2.2592961248100465e-16,0.07946800733641617,0,0,1,
AMASS,../egodata/downloads/amass/extracted/BMLmovi/BMLmovi/Subject_12_F_MoSh/Subject_12_F_12_poses.npz,Upper-Body Manipulation,BMLmovi/BMLmovi,93,0,0.006085097011022739,0.00013671996311591717,0.002411053760450463,170.1987985921315,2.424575608895849,2.8325419566469386e-16,0.07627084871266865,0,0,1,
AMASS,../egodata/downloads/amass/extracted/BMLmovi/BMLmovi/Subject_12_F_MoSh/Subject_12_F_13_poses.npz,Upper-Body Manipulation,BMLmovi/BMLmovi,81,0,0.006212715662959494,0.0005682787638729509,0.004139576701448294,232.2701319700593,3.5326715842919114,2.61239161073804e-16,0.10496776009944053,0,0,1,
AMASS,../egodata/downloads/amass/extracted/BMLmovi/BMLmovi/Subject_12_F_MoSh/Subject_12_F_5_poses.npz,Upper-Body Manipulation,BMLmovi/BMLmovi,115,0,0.027372311764163167,0.0027754283140291863,0.0034475745075285003,192.31476316380056,2.7795273237766542,2.4459619619259865e-16,0.13346096936077043,0,0,1,
AMASS,../egodata/downloads/amass/extracted/BMLmovi/BMLmovi/Subject_12_F_MoSh/Subject_12_F_18_poses.npz,Basic Locomotion,BMLmovi/BMLmovi,133,0,0.25342289103302384,0.0016824713923906292,0.005045768382856065,276.57254716131416,3.6905883683676497,3.457126644815933e-16,0.23231958998886768,0,0,1,
AMASS,../egodata/downloads/amass/extracted/BMLmovi/BMLmovi/Subject_12_F_MoSh/Subject_12_F_4_poses.npz,Upper-Body Manipulation,BMLmovi/BMLmovi,110,0,0.006439298325087538,0.000551929864266109,0.002382990992475253,568.93573586315,2.036634836991223,2.6036076666403563e-16,0.12492956533261662,0,0,1,
AMASS,../egodata/downloads/amass/extracted/BMLmovi/BMLmovi/Subject_12_F_MoSh/Subject_12_F_9_poses.npz,Upper-Body Manipulation,BMLmovi/BMLmovi,141,0,0.012028834603183394,0.0013194499039877502,0.004338255412498236,831.65894714777,3.995204997415301,2.948476686157198e-16,0.18643278832817448,0,0,1,
AMASS,../egodata/downloads/amass/extracted/BMLmovi/BMLmovi/Subject_12_F_MoSh/Subject_12_F_20_poses.npz,Upper-Body Manipulation,BMLmovi/BMLmovi,55,0,0.21583089874678268,0.004350573542032266,0.013632074413074804,617.7940860092376,4.217153232142486,3.503822406589747e-16,0.6211072111625375,0,1,1,
AMASS,../egodata/downloads/amass/extracted/BMLmovi/BMLmovi/Subject_12_F_MoSh/Subject_12_F_21_poses.npz,Upper-Body Manipulation,BMLmovi/BMLmovi,156,0,0.13642061510116707,0.004424949081244865,0.00586704097789853,340.9611072645611,2.0995703010998086,2.409838656317249e-16,0.3571738089685591,0,1,1,
AMASS,../egodata/downloads/amass/extracted/BMLmovi/BMLmovi/Subject_12_F_MoSh/Subject_12_F_6_poses.npz,Upper-Body Manipulation,BMLmovi/BMLmovi,136,0,0.08971976065669143,0.0017478206345291048,0.003254762465230522,232.5962818265151,4.273903987962217,2.476994224362249e-16,0.3086921711760842,0,0,1,
AMASS,../egodata/downloads/amass/extracted/BMLmovi/BMLmovi/Subject_12_F_MoSh/Subject_12_F_2_poses.npz,Unstructured / OOD,BMLmovi/BMLmovi,501,0,0.08282374329590485,0.008003396783690574,0.042145392736798216,375.7090105857468,3.5344413333142723,2.449595366547758e-16,0.2191617776709278,0,0,1,
AMASS,../egodata/downloads/amass/extracted/BMLmovi/BMLmovi/Subject_12_F_MoSh/Subject_12_F_8_poses.npz,Upper-Body Manipulation,BMLmovi/BMLmovi,96,0,0.04142959475982008,0.0032376299714727387,0.0021401906782236683,208.52378485187194,2.9331593309286177,2.5693435248148363e-16,0.18324545034866327,0,0,1,
AMASS,../egodata/downloads/amass/extracted/BMLmovi/BMLmovi/Subject_79_F_MoSh/Subject_79_F_16_poses.npz,Upper-Body Manipulation,BMLmovi/BMLmovi,160,0,0.03271023206900231,0.006387982648234785,0.006811918544168634,216.71940170305547,3.2523234556378124,2.3166470149649575e-16,0.31948986185009154,0,0,1,
AMASS,../egodata/downloads/amass/extracted/BMLmovi/BMLmovi/Subject_79_F_MoSh/Subject_79_F_1_poses.npz,Upper-Body Manipulation,BMLmovi/BMLmovi,85,0,0.007764607239387722,0.0007809139712148794,0.001356502057980838,213.58977721740666,3.23850367772914,3.302922819959509e-16,0.09829602545282512,0,0,1,
AMASS,../egodata/downloads/amass/extracted/BMLmovi/BMLmovi/Subject_79_F_MoSh/Subject_79_F_5_poses.npz,Basic Locomotion,BMLmovi/BMLmovi,203,0,0.18474656118941815,0.00313219324749961,0.011846130062693416,273.6387105790643,2.0365939470068524,2.3917328104334004e-16,0.35121275113615674,0,0,1,
AMASS,../egodata/downloads/amass/extracted/BMLmovi/BMLmovi/Subject_79_F_MoSh/Subject_79_F_18_poses.npz,Agility / High-Dynamic,BMLmovi/BMLmovi,132,0,0.13770913690661143,0.008917100529781914,0.00956879641444465,747.9992096332082,2.454823587747543,2.641942734790832e-16,0.46530067163101213,0,0,1,
AMASS,../egodata/downloads/amass/extracted/BMLmovi/BMLmovi/Subject_79_F_MoSh/Subject_79_F_21_poses.npz,Basic Locomotion,BMLmovi/BMLmovi,312,0,0.32049779035091086,0.003609105562769035,0.020475386357324973,534.6482722059059,2.4265299521988424,2.923323699277818e-16,0.3880307172310647,0,0,1,
AMASS,../egodata/downloads/amass/extracted/BMLmovi/BMLmovi/Subject_79_F_MoSh/Subject_79_F_11_poses.npz,Basic Locomotion,BMLmovi/BMLmovi,144,0,0.19325699362117343,0.005929351797059053,0.011498190087342715,587.6768153183186,2.892169877038201,2.843742042121264e-16,0.4521253666752848,0,0,1,
AMASS,../egodata/downloads/amass/extracted/BMLmovi/BMLmovi/Subject_79_F_MoSh/Subject_79_F_4_poses.npz,Basic Locomotion,BMLmovi/BMLmovi,199,0,0.8374948620770156,0.005588307408358572,0.010273811198567212,684.8616282102773,4.332604124336512,2.310285054187351e-16,0.8788087402323318,0,1,1,
AMASS,../egodata/downloads/amass/extracted/BMLmovi/BMLmovi/Subject_79_F_MoSh/Subject_79_F_2_poses.npz,Upper-Body Manipulation,BMLmovi/BMLmovi,125,0,0.020287321568151644,0.002950226974716512,0.004447975990336028,311.63985309279786,3.7332790504770967,3.3647416843720054e-16,0.26082302678053554,0,0,1,
AMASS,../egodata/downloads/amass/extracted/BMLmovi/BMLmovi/Subject_79_F_MoSh/Subject_79_F_19_poses.npz,Upper-Body Manipulation,BMLmovi/BMLmovi,117,0,0.010230894735066455,0.0017567710377140023,0.004870231653777632,783.3545772628851,3.331497789606636,2.386675444740737e-16,0.13507165707230961,0,0,1,
AMASS,../egodata/downloads/amass/extracted/BMLmovi/BMLmovi/Subject_79_F_MoSh/Subject_79_F_12_poses.npz,Basic Locomotion,BMLmovi/BMLmovi,213,0,0.8836771632618303,0.0070455662484605296,0.012990737653130302,663.4188689426524,5.698616285829152,2.344211516694224e-16,0.9733004028562566,0,1,1,
AMASS,../egodata/downloads/amass/extracted/BMLmovi/BMLmovi/Subject_79_F_MoSh/Subject_79_F_15_poses.npz,Upper-Body Manipulation,BMLmovi/BMLmovi,129,0,0.009819063485128118,0.0004701866652790904,0.007400409613530376,258.6690298256555,3.8053736148105273,2.868728424771368e-16,0.12300699556390286,0,0,1,
AMASS,../egodata/downloads/amass/extracted/BMLmovi/BMLmovi/Subject_79_F_MoSh/Subject_79_F_17_poses.npz,Basic Locomotion,BMLmovi/BMLmovi,274,0,0.13562440978712978,0.005289830803851542,0.012032419720570162,334.59801621716366,1.759099932564223,2.5225344411455326e-16,0.3048632148778422,0,0,1,
AMASS,../egodata/downloads/amass/extracted/BMLmovi/BMLmovi/Subject_79_F_MoSh/Subject_79_F_10_poses.npz,Upper-Body Manipulation,BMLmovi/BMLmovi,120,0,0.006695212371373001,0.0013711324356679231,0.0016964938131073595,238.50865369697044,3.461859160761817,2.9525441009453296e-16,0.08372392098873134,0,0,1,
AMASS,../egodata/downloads/amass/extracted/BMLmovi/BMLmovi/Subject_79_F_MoSh/Subject_79_F_14_poses.npz,Upper-Body Manipulation,BMLmovi/BMLmovi,118,0,0.008112510320887906,0.0003058245977958014,0.0011691473862788238,422.765548071036,3.518716313920715,2.510839676111407e-16,0.16395041708677283,0,0,1,
AMASS,../egodata/downloads/amass/extracted/BMLmovi/BMLmovi/Subject_79_F_MoSh/Subject_79_F_9_poses.npz,Upper-Body Manipulation,BMLmovi/BMLmovi,124,0,0.015082986334146686,0.0023897728446166267,0.004462650037536313,345.8670852211764,4.070805690184697,3.015108283146921e-16,0.2043556359912143,0,0,1,
AMASS,../egodata/downloads/amass/extracted/BMLmovi/BMLmovi/Subject_79_F_MoSh/Subject_79_F_20_poses.npz,Basic Locomotion,BMLmovi/BMLmovi,258,0,0.6964301026026081,0.010893437200521869,0.012448311296377794,483.77486452783177,4.056660422080242,2.764989063454639e-16,0.7021641706512214,0,1,1,
AMASS,../egodata/downloads/amass/extracted/BMLmovi/BMLmovi/Subject_79_F_MoSh/Subject_79_F_13_poses.npz,Upper-Body Manipulation,BMLmovi/BMLmovi,167,0,0.0189288563503639,0.0012259710885756416,0.0028686587218964277,254.3578084834129,3.568479505128904,2.838090007949261e-16,0.1116508384299079,0,0,1,
AMASS,../egodata/downloads/amass/extracted/BMLmovi/BMLmovi/Subject_79_F_MoSh/Subject_79_F_7_poses.npz,Basic Locomotion,BMLmovi/BMLmovi,118,0,0.16100435910575084,0.005826485011525071,0.007259542328797171,470.95668671609985,4.651139627475047,2.733829793179587e-16,0.3988889952606562,0,0,1,
AMASS,../egodata/downloads/amass/extracted/BMLmovi/BMLmovi/Subject_79_F_MoSh/Subject_79_F_3_poses.npz,Upper-Body Manipulation,BMLmovi/BMLmovi,119,0,0.013904283961043148,0.0008172761290789313,0.0045090453299767436,205.8073569656705,3.8502910978554903,2.586633260902834e-16,0.19785836999820852,0,0,1,
AMASS,../egodata/downloads/amass/extracted/BMLmovi/BMLmovi/Subject_79_F_MoSh/Subject_79_F_8_poses.npz,Upper-Body Manipulation,BMLmovi/BMLmovi,153,0,0.2236330308424055,0.008174115804308893,0.012361743039159184,629.6448963929037,3.8373579336054693,2.671136286874043e-16,0.6093716867889482,0,1,1,
AMASS,../egodata/downloads/amass/extracted/BMLmovi/BMLmovi/Subject_79_F_MoSh/Subject_79_F_6_poses.npz,Agility / High-Dynamic,BMLmovi/BMLmovi,151,0,0.36733551472051795,0.005068168402367443,0.013390673845694645,588.8555821805364,3.7025812470660617,2.8627192802077586e-16,0.5649060773600391,0,0,1,
AMASS,../egodata/downloads/amass/extracted/BMLmovi/BMLmovi/Subject_56_F_MoSh/Subject_56_F_18_poses.npz,Upper-Body Manipulation,BMLmovi/BMLmovi,190,0,0.08693567098311535,0.0029702389878915195,0.010310133768438312,224.8432919632238,2.5501520605021426,2.7319952276636605e-16,0.32210835630203977,0,0,1,
AMASS,../egodata/downloads/amass/extracted/BMLmovi/BMLmovi/Subject_56_F_MoSh/Subject_56_F_6_poses.npz,Basic Locomotion,BMLmovi/BMLmovi,92,0,0.38719860973444187,0.0015519569092678947,0.004614917714284777,572.7949748388445,5.468861700268508,2.9082434569315365e-16,0.35055162080012103,0,0,1,
AMASS,../egodata/downloads/amass/extracted/BMLmovi/BMLmovi/Subject_56_F_MoSh/Subject_56_F_5_poses.npz,Upper-Body Manipulation,BMLmovi/BMLmovi,117,0,0.016939513975487777,0.001720414135450086,0.0054498086422651165,233.18504923436396,2.81421612992933,2.642526363582122e-16,0.20791872695670205,0,0,1,
AMASS,../egodata/downloads/amass/extracted/BMLmovi/BMLmovi/Subject_56_F_MoSh/Subject_56_F_14_poses.npz,Upper-Body Manipulation,BMLmovi/BMLmovi,120,0,0.008464098801833683,0.00027046353394730795,0.003333912008887989,188.8648762756473,2.26206431857637,2.9439030997196214e-16,0.19281081030880823,0,0,1,
AMASS,../egodata/downloads/amass/extracted/BMLmovi/BMLmovi/Subject_56_F_MoSh/Subject_56_F_12_poses.npz,Unstructured / OOD,BMLmovi/BMLmovi,295,0,0.21836643267847272,0.0044842114043835155,0.014917540200259358,487.7657138506441,3.2112359068275342,2.874705766399476e-16,0.41692600969864696,0,0,1,
AMASS,../egodata/downloads/amass/extracted/BMLmovi/BMLmovi/Subject_56_F_MoSh/Subject_56_F_13_poses.npz,Upper-Body Manipulation,BMLmovi/BMLmovi,295,0,0.10392574903427548,0.0036235069890671327,0.005962341139053293,185.91287159827183,1.7847137559041866,2.857699716382946e-16,0.20887492764482787,0,1,1,
AMASS,../egodata/downloads/amass/extracted/BMLmovi/BMLmovi/Subject_56_F_MoSh/Subject_56_F_11_poses.npz,Upper-Body Manipulation,BMLmovi/BMLmovi,111,0,0.006407327215233172,0.0002448338368638295,0.001283747365947406,418.39760125710177,2.1207403869254002,2.8190256379978194e-16,0.10323449888604633,0,0,1,
AMASS,../egodata/downloads/amass/extracted/BMLmovi/BMLmovi/Subject_56_F_MoSh/Subject_56_F_20_poses.npz,Unstructured / OOD,BMLmovi/BMLmovi,213,0,0.09474734592459587,0.005945917945653758,0.009599183160942076,333.2199290930962,1.295368892088288,2.4234277356549845e-16,0.23015040280260243,0,0,1,
AMASS,../egodata/downloads/amass/extracted/BMLmovi/BMLmovi/Subject_56_F_MoSh/Subject_56_F_21_poses.npz,Upper-Body Manipulation,BMLmovi/BMLmovi,136,0,0.004248183230312693,0.00139856401906561,0.008911044010427593,280.56916688067724,3.170550113856982,2.7385094420625593e-16,0.07733870548415193,0,0,1,
AMASS,../egodata/downloads/amass/extracted/BMLmovi/BMLmovi/Subject_56_F_MoSh/Subject_56_F_2_poses.npz,Agility / High-Dynamic,BMLmovi/BMLmovi,114,0,0.07788875618075063,0.004257150375611536,0.017328416531494095,885.9855078501249,5.3244004364429305,2.537941383958412e-16,0.8201463808390909,0,0,1,
AMASS,../egodata/downloads/amass/extracted/BMLmovi/BMLmovi/Subject_56_F_MoSh/Subject_56_F_17_poses.npz,Basic Locomotion,BMLmovi/BMLmovi,258,0,0.5735242455720977,0.008606015684406386,0.01059914608514315,437.05748019230555,3.730922828857705,2.833787111017909e-16,0.6550322011047645,0,0,1,
AMASS,../egodata/downloads/amass/extracted/BMLmovi/BMLmovi/Subject_56_F_MoSh/Subject_56_F_7_poses.npz,Upper-Body Manipulation,BMLmovi/BMLmovi,138,0,0.12943806322303,0.012432927535767831,0.005249611151093094,446.2451821081633,3.22356106080643,2.7048281316056106e-16,0.3967964514937063,0,1,1,
AMASS,../egodata/downloads/amass/extracted/BMLmovi/BMLmovi/Subject_56_F_MoSh/Subject_56_F_15_poses.npz,Basic Locomotion,BMLmovi/BMLmovi,214,0,0.4344932316310137,0.00734246825848857,0.007369943354688012,290.7501075112922,2.3359618913566083,2.444063954621127e-16,0.47396587042429084,0,0,1,
AMASS,../egodata/downloads/amass/extracted/BMLmovi/BMLmovi/Subject_56_F_MoSh/Subject_56_F_9_poses.npz,Agility / High-Dynamic,BMLmovi/BMLmovi,125,0,0.20136169964913136,0.007675133252463795,0.021445911529262236,1070.8899831320398,5.552102740932221,3.461143234364803e-16,0.9117773393976554,0,0,1,
AMASS,../egodata/downloads/amass/extracted/BMLmovi/BMLmovi/Subject_56_F_MoSh/Subject_56_F_3_poses.npz,Upper-Body Manipulation,BMLmovi/BMLmovi,124,0,0.006073716012139105,0.00026665866942908836,0.001988994556915518,248.92510921423397,2.1113856519283836,2.8578519752718507e-16,0.05967440554963705,0,0,1,
AMASS,../egodata/downloads/amass/extracted/BMLmovi/BMLmovi/Subject_56_F_MoSh/Subject_56_F_8_poses.npz,Basic Locomotion,BMLmovi/BMLmovi,273,0,0.14070369146964648,0.01741494412781002,0.007680881639523032,197.53631914577687,1.821119246439787,2.4568865017086994e-16,0.2972691236686045,0,0,1,
AMASS,../egodata/downloads/amass/extracted/BMLmovi/BMLmovi/Subject_56_F_MoSh/Subject_56_F_19_poses.npz,Basic Locomotion,BMLmovi/BMLmovi,219,0,0.7842643351266037,0.003015911747089954,0.013804535575045435,596.8431460919694,5.051042089261391,2.813812744661662e-16,0.9094406095788369,0,1,1,
AMASS,../egodata/downloads/amass/extracted/BMLmovi/BMLmovi/Subject_56_F_MoSh/Subject_56_F_4_poses.npz,Agility / High-Dynamic,BMLmovi/BMLmovi,192,0,0.30554653567292933,0.006911822620494886,0.010366219778687062,865.5388048363828,4.920171686863049,2.5830070278499883e-16,0.6258663117973079,0,0,1,
AMASS,../egodata/downloads/amass/extracted/BMLmovi/BMLmovi/Subject_56_F_MoSh/Subject_56_F_1_poses.npz,Upper-Body Manipulation,BMLmovi/BMLmovi,120,0,0.006391011086089845,0.0007174048632111211,0.0023225117193870944,668.1534170349349,2.7956045500215767,3.130920136043425e-16,0.12875398804950364,0,0,1,
AMASS,../egodata/downloads/amass/extracted/BMLmovi/BMLmovi/Subject_56_F_MoSh/Subject_56_F_10_poses.npz,Upper-Body Manipulation,BMLmovi/BMLmovi,105,0,0.010941575633400511,0.0010397331413169613,0.0014643972869747834,314.5707603469897,3.2130492185717716,2.657562877697112e-16,0.15731679555442124,0,0,1,
AMASS,../egodata/downloads/amass/extracted/BMLmovi/BMLmovi/Subject_56_F_MoSh/Subject_56_F_16_poses.npz,Basic Locomotion,BMLmovi/BMLmovi,121,0,0.172423837866425,0.0004567709499540343,0.0060582907097259595,561.0710054622233,1.9348239485319976,3.0719314909587596e-16,0.27401811405779497,0,0,1,
AMASS,../egodata/downloads/amass/extracted/BMLmovi/BMLmovi/Subject_27_F_MoSh/Subject_27_F_1_poses.npz,Upper-Body Manipulation,BMLmovi/BMLmovi,116,0,0.009172014671556176,0.0004601154014692445,0.0022638689668147242,363.72493202572497,2.219545553932714,2.339609530706013e-16,0.14704111379825435,0,0,1,
AMASS,../egodata/downloads/amass/extracted/BMLmovi/BMLmovi/Subject_27_F_MoSh/Subject_27_F_21_poses.npz,Upper-Body Manipulation,BMLmovi/BMLmovi,78,0,0.005776529404235122,8.907948119183356e-05,0.0023045608926265844,115.09085934171578,1.778530211608658,4.2042076025322844e-16,0.07954784337170015,0,0,1,
AMASS,../egodata/downloads/amass/extracted/BMLmovi/BMLmovi/Subject_27_F_MoSh/Subject_27_F_12_poses.npz,Upper-Body Manipulation,BMLmovi/BMLmovi,152,0,0.016466583982368402,0.001788536892511221,0.00432261993596935,161.46675317630334,3.43140747590314,2.476851212104002e-16,0.2798575921086498,0,0,1,
AMASS,../egodata/downloads/amass/extracted/BMLmovi/BMLmovi/Subject_27_F_MoSh/Subject_27_F_19_poses.npz,Upper-Body Manipulation,BMLmovi/BMLmovi,126,0,0.011482242738345055,0.000647515644577417,0.0007913882814654175,1186.278918918626,2.5445309620975647,3.552567873807666e-16,0.17201850436555044,0,0,1,
AMASS,../egodata/downloads/amass/extracted/BMLmovi/BMLmovi/Subject_27_F_MoSh/Subject_27_F_20_poses.npz,Upper-Body Manipulation,BMLmovi/BMLmovi,79,0,0.0184285687753128,0.0006399422588996085,0.000488742010649787,120.94039018107748,2.3001854000969146,4.904523380039012e-16,0.22298230279854628,0,0,1,
